{
	"Timing" :
	 {
		 "coprocess_fct" : 192.067047,
		 "mpi_reduce" : 10.228093,
		 "square for loop" : 87.819521,
		 "mpi_reduce2" : 10.285337,
		 "histogramm loop " : 0.000000,
		 "mpi_gather" : 0.000000,
		 "mpi_send" : 0.000000,
		 "mpi_gather2" : 0.000000,
		 "mpi_receive" : 0.000000,
		 "malloc" : 0.000000,
		 "gridfill()" : 83.725951,
		 "total" : 6809.123045,
		 " " : 0.000000
 	}
}
