{
	"Timing" :
	 {
		 "coprocess_fct" : 192.247014,
		 "mpi_reduce" : 10.313571,
		 "square for loop" : 87.680111,
		 "mpi_reduce2" : 10.281068,
		 "histogramm loop " : 0.000000,
		 "mpi_gather" : 0.000000,
		 "mpi_send" : 0.000000,
		 "mpi_gather2" : 0.000000,
		 "mpi_receive" : 0.000000,
		 "malloc" : 0.000000,
		 "gridfill()" : 83.963794,
		 "total" : 7818.917434,
		 " " : 0.000000
 	}
}
