{
	"Timing" :
	 {
		 "coprocess_fct" : 192.691240,
		 "mpi_reduce" : 10.261833,
		 "square for loop" : 87.926500,
		 "mpi_reduce2" : 10.222614,
		 "histogramm loop " : 0.000000,
		 "mpi_gather" : 0.000000,
		 "mpi_send" : 0.000000,
		 "mpi_gather2" : 0.000000,
		 "mpi_receive" : 0.000000,
		 "malloc" : 0.000000,
		 "gridfill()" : 84.271922,
		 "total" : 7818.595610,
		 " " : 0.000000
 	}
}
