{
	"Timing" :
	 {
		 "coprocess_fct" : 192.552293,
		 "mpi_reduce" : 10.414455,
		 "square for loop" : 87.783426,
		 "mpi_reduce2" : 10.395140,
		 "histogramm loop " : 0.000000,
		 "mpi_gather" : 0.000000,
		 "mpi_send" : 0.000000,
		 "mpi_gather2" : 0.000000,
		 "mpi_receive" : 0.000000,
		 "malloc" : 0.000000,
		 "gridfill()" : 83.950678,
		 "total" : 7818.791100,
		 " " : 0.000000
 	}
}
