{
	"Timing" :
	 {
		 "coprocess_fct" : 192.449514,
		 "mpi_reduce" : 10.296815,
		 "square for loop" : 87.809884,
		 "mpi_reduce2" : 10.298131,
		 "histogramm loop " : 0.000000,
		 "mpi_gather" : 0.000000,
		 "mpi_send" : 0.000000,
		 "mpi_gather2" : 0.000000,
		 "mpi_receive" : 0.000000,
		 "malloc" : 0.000000,
		 "gridfill()" : 84.036389,
		 "total" : 7818.841908,
		 " " : 0.000000
 	}
}
