{
	"Timing" :
	 {
		 "coprocess_fct" : 192.417363,
		 "mpi_reduce" : 10.329041,
		 "square for loop" : 87.725266,
		 "mpi_reduce2" : 10.364764,
		 "histogramm loop " : 0.000000,
		 "mpi_gather" : 0.000000,
		 "mpi_send" : 0.000000,
		 "mpi_gather2" : 0.000000,
		 "mpi_receive" : 0.000000,
		 "malloc" : 0.000000,
		 "gridfill()" : 83.989996,
		 "total" : 7818.682165,
		 " " : 0.000000
 	}
}
