{
	"Timing" :
	 {
		 "coprocess_fct" : 192.865408,
		 "mpi_reduce" : 10.366686,
		 "square for loop" : 87.835723,
		 "mpi_reduce2" : 10.464849,
		 "histogramm loop " : 0.000000,
		 "mpi_gather" : 0.000000,
		 "mpi_send" : 0.000000,
		 "mpi_gather2" : 0.000000,
		 "mpi_receive" : 0.000000,
		 "malloc" : 0.000000,
		 "gridfill()" : 84.189620,
		 "total" : 7827.227961,
		 " " : 0.000000
 	}
}
