{
	"Timing" :
	 {
		 "coprocess_fct" : 192.400478,
		 "mpi_reduce" : 10.288182,
		 "square for loop" : 87.834847,
		 "mpi_reduce2" : 10.277286,
		 "histogramm loop " : 0.000000,
		 "mpi_gather" : 0.000000,
		 "mpi_send" : 0.000000,
		 "mpi_gather2" : 0.000000,
		 "mpi_receive" : 0.000000,
		 "malloc" : 0.000000,
		 "gridfill()" : 83.991765,
		 "total" : 7818.756487,
		 " " : 0.000000
 	}
}
