{
	"Timing" :
	 {
		 "coprocess_fct" : 192.282840,
		 "mpi_reduce" : 10.323734,
		 "square for loop" : 87.674547,
		 "mpi_reduce2" : 10.349800,
		 "histogramm loop " : 0.000000,
		 "mpi_gather" : 0.000000,
		 "mpi_send" : 0.000000,
		 "mpi_gather2" : 0.000000,
		 "mpi_receive" : 0.000000,
		 "malloc" : 0.000000,
		 "gridfill()" : 83.926376,
		 "total" : 7818.759268,
		 " " : 0.000000
 	}
}
