{
	"Timing" :
	 {
		 "coprocess_fct" : 192.340331,
		 "mpi_reduce" : 10.323409,
		 "square for loop" : 87.747999,
		 "mpi_reduce2" : 10.371258,
		 "histogramm loop " : 0.000000,
		 "mpi_gather" : 0.000000,
		 "mpi_send" : 0.000000,
		 "mpi_gather2" : 0.000000,
		 "mpi_receive" : 0.000000,
		 "malloc" : 0.000000,
		 "gridfill()" : 83.889286,
		 "total" : 7818.899707,
		 " " : 0.000000
 	}
}
