{
	"Timing" :
	 {
		 "coprocess_fct" : 193.384363,
		 "mpi_reduce" : 10.395744,
		 "square for loop" : 87.962560,
		 "mpi_reduce2" : 10.429037,
		 "histogramm loop " : 0.000000,
		 "mpi_gather" : 0.000000,
		 "mpi_send" : 0.000000,
		 "mpi_gather2" : 0.000000,
		 "mpi_receive" : 0.000000,
		 "malloc" : 0.000000,
		 "gridfill()" : 84.588647,
		 "total" : 7818.778195,
		 " " : 0.000000
 	}
}
