{
	"Timing" :
	 {
		 "coprocess_fct" : 192.860240,
		 "mpi_reduce" : 10.402814,
		 "square for loop" : 87.916603,
		 "mpi_reduce2" : 10.395011,
		 "histogramm loop " : 0.000000,
		 "mpi_gather" : 0.000000,
		 "mpi_send" : 0.000000,
		 "mpi_gather2" : 0.000000,
		 "mpi_receive" : 0.000000,
		 "malloc" : 0.000000,
		 "gridfill()" : 84.137357,
		 "total" : 7818.747611,
		 " " : 0.000000
 	}
}
