{
	"Timing" :
	 {
		 "coprocess_fct" : 192.524716,
		 "mpi_reduce" : 10.303953,
		 "square for loop" : 87.793060,
		 "mpi_reduce2" : 10.343142,
		 "histogramm loop " : 0.000000,
		 "mpi_gather" : 0.000000,
		 "mpi_send" : 0.000000,
		 "mpi_gather2" : 0.000000,
		 "mpi_receive" : 0.000000,
		 "malloc" : 0.000000,
		 "gridfill()" : 84.076385,
		 "total" : 7818.713175,
		 " " : 0.000000
 	}
}
