{
	"Timing" :
	 {
		 "coprocess_fct" : 192.416175,
		 "mpi_reduce" : 10.338902,
		 "square for loop" : 87.771616,
		 "mpi_reduce2" : 10.323276,
		 "histogramm loop " : 0.000000,
		 "mpi_gather" : 0.000000,
		 "mpi_send" : 0.000000,
		 "mpi_gather2" : 0.000000,
		 "mpi_receive" : 0.000000,
		 "malloc" : 0.000000,
		 "gridfill()" : 83.973803,
		 "total" : 7818.735503,
		 " " : 0.000000
 	}
}
