{
	"Timing" :
	 {
		 "coprocess_fct" : 192.615988,
		 "mpi_reduce" : 10.325043,
		 "square for loop" : 87.811809,
		 "mpi_reduce2" : 10.334962,
		 "histogramm loop " : 0.000000,
		 "mpi_gather" : 0.000000,
		 "mpi_send" : 0.000000,
		 "mpi_gather2" : 0.000000,
		 "mpi_receive" : 0.000000,
		 "malloc" : 0.000000,
		 "gridfill()" : 84.135781,
		 "total" : 7818.802232,
		 " " : 0.000000
 	}
}
