{
	"Timing" :
	 {
		 "coprocess_fct" : 192.682502,
		 "mpi_reduce" : 10.346869,
		 "square for loop" : 87.815898,
		 "mpi_reduce2" : 10.407651,
		 "histogramm loop " : 0.000000,
		 "mpi_gather" : 0.000000,
		 "mpi_send" : 0.000000,
		 "mpi_gather2" : 0.000000,
		 "mpi_receive" : 0.000000,
		 "malloc" : 0.000000,
		 "gridfill()" : 84.103612,
		 "total" : 7818.742297,
		 " " : 0.000000
 	}
}
