{
	"Timing" :
	 {
		 "coprocess_fct" : 192.386760,
		 "mpi_reduce" : 10.333846,
		 "square for loop" : 87.744863,
		 "mpi_reduce2" : 10.295553,
		 "histogramm loop " : 0.000000,
		 "mpi_gather" : 0.000000,
		 "mpi_send" : 0.000000,
		 "mpi_gather2" : 0.000000,
		 "mpi_receive" : 0.000000,
		 "malloc" : 0.000000,
		 "gridfill()" : 84.004252,
		 "total" : 7818.834723,
		 " " : 0.000000
 	}
}
