{
	"Timing" :
	 {
		 "coprocess_fct" : 192.493241,
		 "mpi_reduce" : 10.296555,
		 "square for loop" : 87.818788,
		 "mpi_reduce2" : 10.291888,
		 "histogramm loop " : 0.000000,
		 "mpi_gather" : 0.000000,
		 "mpi_send" : 0.000000,
		 "mpi_gather2" : 0.000000,
		 "mpi_receive" : 0.000000,
		 "malloc" : 0.000000,
		 "gridfill()" : 84.077610,
		 "total" : 7818.644055,
		 " " : 0.000000
 	}
}
