{
	"Timing" :
	 {
		 "coprocess_fct" : 192.335423,
		 "mpi_reduce" : 10.301044,
		 "square for loop" : 87.779902,
		 "mpi_reduce2" : 10.320351,
		 "histogramm loop " : 0.000000,
		 "mpi_gather" : 0.000000,
		 "mpi_send" : 0.000000,
		 "mpi_gather2" : 0.000000,
		 "mpi_receive" : 0.000000,
		 "malloc" : 0.000000,
		 "gridfill()" : 83.925681,
		 "total" : 7818.805938,
		 " " : 0.000000
 	}
}
