{
	"Timing" :
	 {
		 "coprocess_fct" : 192.642095,
		 "mpi_reduce" : 10.346367,
		 "square for loop" : 87.756953,
		 "mpi_reduce2" : 10.433284,
		 "histogramm loop " : 0.000000,
		 "mpi_gather" : 0.000000,
		 "mpi_send" : 0.000000,
		 "mpi_gather2" : 0.000000,
		 "mpi_receive" : 0.000000,
		 "malloc" : 0.000000,
		 "gridfill()" : 84.097277,
		 "total" : 7818.725604,
		 " " : 0.000000
 	}
}
