{
	"Timing" :
	 {
		 "coprocess_fct" : 192.721337,
		 "mpi_reduce" : 10.410644,
		 "square for loop" : 87.803438,
		 "mpi_reduce2" : 10.332490,
		 "histogramm loop " : 0.000000,
		 "mpi_gather" : 0.000000,
		 "mpi_send" : 0.000000,
		 "mpi_gather2" : 0.000000,
		 "mpi_receive" : 0.000000,
		 "malloc" : 0.000000,
		 "gridfill()" : 84.166598,
		 "total" : 7818.774181,
		 " " : 0.000000
 	}
}
