{
	"Timing" :
	 {
		 "coprocess_fct" : 192.890503,
		 "mpi_reduce" : 10.376565,
		 "square for loop" : 87.750092,
		 "mpi_reduce2" : 10.353226,
		 "histogramm loop " : 0.000000,
		 "mpi_gather" : 0.000000,
		 "mpi_send" : 0.000000,
		 "mpi_gather2" : 0.000000,
		 "mpi_receive" : 0.000000,
		 "malloc" : 0.000000,
		 "gridfill()" : 84.402185,
		 "total" : 7818.932705,
		 " " : 0.000000
 	}
}
