{
	"Timing" :
	 {
		 "coprocess_fct" : 192.306498,
		 "mpi_reduce" : 10.402017,
		 "square for loop" : 87.655964,
		 "mpi_reduce2" : 10.321338,
		 "histogramm loop " : 0.000000,
		 "mpi_gather" : 0.000000,
		 "mpi_send" : 0.000000,
		 "mpi_gather2" : 0.000000,
		 "mpi_receive" : 0.000000,
		 "malloc" : 0.000000,
		 "gridfill()" : 83.918853,
		 "total" : 7818.867698,
		 " " : 0.000000
 	}
}
