{
	"Timing" :
	 {
		 "coprocess_fct" : 192.467216,
		 "mpi_reduce" : 10.371490,
		 "square for loop" : 87.728678,
		 "mpi_reduce2" : 10.405756,
		 "histogramm loop " : 0.000000,
		 "mpi_gather" : 0.000000,
		 "mpi_send" : 0.000000,
		 "mpi_gather2" : 0.000000,
		 "mpi_receive" : 0.000000,
		 "malloc" : 0.000000,
		 "gridfill()" : 83.952671,
		 "total" : 7818.749615,
		 " " : 0.000000
 	}
}
