{
	"Timing" :
	 {
		 "coprocess_fct" : 192.617627,
		 "mpi_reduce" : 10.582700,
		 "square for loop" : 87.600510,
		 "mpi_reduce2" : 10.524802,
		 "histogramm loop " : 0.000000,
		 "mpi_gather" : 0.000000,
		 "mpi_send" : 0.000000,
		 "mpi_gather2" : 0.000000,
		 "mpi_receive" : 0.000000,
		 "malloc" : 0.000000,
		 "gridfill()" : 83.901144,
		 "total" : 8116.462045,
		 " " : 0.000000
 	}
}
