{
	"Timing" :
	 {
		 "coprocess_fct" : 192.581809,
		 "mpi_reduce" : 10.478555,
		 "square for loop" : 87.741398,
		 "mpi_reduce2" : 10.344864,
		 "histogramm loop " : 0.000000,
		 "mpi_gather" : 0.000000,
		 "mpi_send" : 0.000000,
		 "mpi_gather2" : 0.000000,
		 "mpi_receive" : 0.000000,
		 "malloc" : 0.000000,
		 "gridfill()" : 84.008691,
		 "total" : 8116.122610,
		 " " : 0.000000
 	}
}
