{
	"Timing" :
	 {
		 "coprocess_fct" : 193.099459,
		 "mpi_reduce" : 10.784449,
		 "square for loop" : 87.793099,
		 "mpi_reduce2" : 10.555176,
		 "histogramm loop " : 0.000000,
		 "mpi_gather" : 0.000000,
		 "mpi_send" : 0.000000,
		 "mpi_gather2" : 0.000000,
		 "mpi_receive" : 0.000000,
		 "malloc" : 0.000000,
		 "gridfill()" : 83.958318,
		 "total" : 8116.236887,
		 " " : 0.000000
 	}
}
