{
	"Timing" :
	 {
		 "coprocess_fct" : 192.900213,
		 "mpi_reduce" : 10.577139,
		 "square for loop" : 87.700854,
		 "mpi_reduce2" : 10.541980,
		 "histogramm loop " : 0.000000,
		 "mpi_gather" : 0.000000,
		 "mpi_send" : 0.000000,
		 "mpi_gather2" : 0.000000,
		 "mpi_receive" : 0.000000,
		 "malloc" : 0.000000,
		 "gridfill()" : 84.071821,
		 "total" : 8116.445724,
		 " " : 0.000000
 	}
}
