{
	"Timing" :
	 {
		 "coprocess_fct" : 193.037363,
		 "mpi_reduce" : 10.795356,
		 "square for loop" : 87.786544,
		 "mpi_reduce2" : 10.243533,
		 "histogramm loop " : 0.000000,
		 "mpi_gather" : 0.000000,
		 "mpi_send" : 0.000000,
		 "mpi_gather2" : 0.000000,
		 "mpi_receive" : 0.000000,
		 "malloc" : 0.000000,
		 "gridfill()" : 84.203593,
		 "total" : 8116.262831,
		 " " : 0.000000
 	}
}
