{
	"Timing" :
	 {
		 "coprocess_fct" : 192.907180,
		 "mpi_reduce" : 10.520959,
		 "square for loop" : 87.802636,
		 "mpi_reduce2" : 10.415340,
		 "histogramm loop " : 0.000000,
		 "mpi_gather" : 0.000000,
		 "mpi_send" : 0.000000,
		 "mpi_gather2" : 0.000000,
		 "mpi_receive" : 0.000000,
		 "malloc" : 0.000000,
		 "gridfill()" : 84.159917,
		 "total" : 8116.312346,
		 " " : 0.000000
 	}
}
