{
	"Timing" :
	 {
		 "coprocess_fct" : 193.116781,
		 "mpi_reduce" : 10.842432,
		 "square for loop" : 87.773469,
		 "mpi_reduce2" : 10.345068,
		 "histogramm loop " : 0.000000,
		 "mpi_gather" : 0.000000,
		 "mpi_send" : 0.000000,
		 "mpi_gather2" : 0.000000,
		 "mpi_receive" : 0.000000,
		 "malloc" : 0.000000,
		 "gridfill()" : 84.147404,
		 "total" : 8116.227536,
		 " " : 0.000000
 	}
}
