{
	"Timing" :
	 {
		 "coprocess_fct" : 193.487781,
		 "mpi_reduce" : 10.839368,
		 "square for loop" : 87.788795,
		 "mpi_reduce2" : 10.367218,
		 "histogramm loop " : 0.000000,
		 "mpi_gather" : 0.000000,
		 "mpi_send" : 0.000000,
		 "mpi_gather2" : 0.000000,
		 "mpi_receive" : 0.000000,
		 "malloc" : 0.000000,
		 "gridfill()" : 84.483997,
		 "total" : 8116.117188,
		 " " : 0.000000
 	}
}
