{
	"Timing" :
	 {
		 "coprocess_fct" : 193.201630,
		 "mpi_reduce" : 10.739874,
		 "square for loop" : 87.784105,
		 "mpi_reduce2" : 10.594297,
		 "histogramm loop " : 0.000000,
		 "mpi_gather" : 0.000000,
		 "mpi_send" : 0.000000,
		 "mpi_gather2" : 0.000000,
		 "mpi_receive" : 0.000000,
		 "malloc" : 0.000000,
		 "gridfill()" : 84.074785,
		 "total" : 8116.226783,
		 " " : 0.000000
 	}
}
