{
	"Timing" :
	 {
		 "coprocess_fct" : 193.507115,
		 "mpi_reduce" : 10.759650,
		 "square for loop" : 87.859504,
		 "mpi_reduce2" : 10.690496,
		 "histogramm loop " : 0.000000,
		 "mpi_gather" : 0.000000,
		 "mpi_send" : 0.000000,
		 "mpi_gather2" : 0.000000,
		 "mpi_receive" : 0.000000,
		 "malloc" : 0.000000,
		 "gridfill()" : 84.189013,
		 "total" : 8116.434170,
		 " " : 0.000000
 	}
}
