{
	"Timing" :
	 {
		 "coprocess_fct" : 192.793536,
		 "mpi_reduce" : 10.560880,
		 "square for loop" : 87.716522,
		 "mpi_reduce2" : 10.518491,
		 "histogramm loop " : 0.000000,
		 "mpi_gather" : 0.000000,
		 "mpi_send" : 0.000000,
		 "mpi_gather2" : 0.000000,
		 "mpi_receive" : 0.000000,
		 "malloc" : 0.000000,
		 "gridfill()" : 83.989227,
		 "total" : 8116.142197,
		 " " : 0.000000
 	}
}
