{
	"Timing" :
	 {
		 "coprocess_fct" : 192.761365,
		 "mpi_reduce" : 10.548668,
		 "square for loop" : 87.742959,
		 "mpi_reduce2" : 10.438412,
		 "histogramm loop " : 0.000000,
		 "mpi_gather" : 0.000000,
		 "mpi_send" : 0.000000,
		 "mpi_gather2" : 0.000000,
		 "mpi_receive" : 0.000000,
		 "malloc" : 0.000000,
		 "gridfill()" : 84.022834,
		 "total" : 8116.411929,
		 " " : 0.000000
 	}
}
