{
	"Timing" :
	 {
		 "coprocess_fct" : 193.185817,
		 "mpi_reduce" : 10.448596,
		 "square for loop" : 87.859920,
		 "mpi_reduce2" : 10.383059,
		 "histogramm loop " : 0.000000,
		 "mpi_gather" : 0.000000,
		 "mpi_send" : 0.000000,
		 "mpi_gather2" : 0.000000,
		 "mpi_receive" : 0.000000,
		 "malloc" : 0.000000,
		 "gridfill()" : 84.485882,
		 "total" : 8116.493590,
		 " " : 0.000000
 	}
}
