{
	"Timing" :
	 {
		 "coprocess_fct" : 193.337627,
		 "mpi_reduce" : 10.757130,
		 "square for loop" : 87.767568,
		 "mpi_reduce2" : 10.651814,
		 "histogramm loop " : 0.000000,
		 "mpi_gather" : 0.000000,
		 "mpi_send" : 0.000000,
		 "mpi_gather2" : 0.000000,
		 "mpi_receive" : 0.000000,
		 "malloc" : 0.000000,
		 "gridfill()" : 84.152721,
		 "total" : 8116.385755,
		 " " : 0.000000
 	}
}
