{
	"Timing" :
	 {
		 "coprocess_fct" : 192.839195,
		 "mpi_reduce" : 10.942048,
		 "square for loop" : 87.696878,
		 "mpi_reduce2" : 10.341043,
		 "histogramm loop " : 0.000000,
		 "mpi_gather" : 0.000000,
		 "mpi_send" : 0.000000,
		 "mpi_gather2" : 0.000000,
		 "mpi_receive" : 0.000000,
		 "malloc" : 0.000000,
		 "gridfill()" : 83.850701,
		 "total" : 8116.290709,
		 " " : 0.000000
 	}
}
