{
	"Timing" :
	 {
		 "coprocess_fct" : 192.965385,
		 "mpi_reduce" : 10.490711,
		 "square for loop" : 87.675232,
		 "mpi_reduce2" : 10.772826,
		 "histogramm loop " : 0.000000,
		 "mpi_gather" : 0.000000,
		 "mpi_send" : 0.000000,
		 "mpi_gather2" : 0.000000,
		 "mpi_receive" : 0.000000,
		 "malloc" : 0.000000,
		 "gridfill()" : 84.018224,
		 "total" : 8116.346007,
		 " " : 0.000000
 	}
}
