{
	"Timing" :
	 {
		 "coprocess_fct" : 193.032112,
		 "mpi_reduce" : 10.753377,
		 "square for loop" : 87.713429,
		 "mpi_reduce2" : 10.544850,
		 "histogramm loop " : 0.000000,
		 "mpi_gather" : 0.000000,
		 "mpi_send" : 0.000000,
		 "mpi_gather2" : 0.000000,
		 "mpi_receive" : 0.000000,
		 "malloc" : 0.000000,
		 "gridfill()" : 84.011975,
		 "total" : 8116.374846,
		 " " : 0.000000
 	}
}
