{
	"Timing" :
	 {
		 "coprocess_fct" : 193.339114,
		 "mpi_reduce" : 10.861003,
		 "square for loop" : 87.774239,
		 "mpi_reduce2" : 10.592672,
		 "histogramm loop " : 0.000000,
		 "mpi_gather" : 0.000000,
		 "mpi_send" : 0.000000,
		 "mpi_gather2" : 0.000000,
		 "mpi_receive" : 0.000000,
		 "malloc" : 0.000000,
		 "gridfill()" : 84.102747,
		 "total" : 8116.214638,
		 " " : 0.000000
 	}
}
