{
	"Timing" :
	 {
		 "coprocess_fct" : 192.925191,
		 "mpi_reduce" : 10.897692,
		 "square for loop" : 87.653219,
		 "mpi_reduce2" : 10.385190,
		 "histogramm loop " : 0.000000,
		 "mpi_gather" : 0.000000,
		 "mpi_send" : 0.000000,
		 "mpi_gather2" : 0.000000,
		 "mpi_receive" : 0.000000,
		 "malloc" : 0.000000,
		 "gridfill()" : 83.980623,
		 "total" : 8116.069422,
		 " " : 0.000000
 	}
}
