{
	"Timing" :
	 {
		 "coprocess_fct" : 192.891514,
		 "mpi_reduce" : 10.897948,
		 "square for loop" : 87.689002,
		 "mpi_reduce2" : 10.332938,
		 "histogramm loop " : 0.000000,
		 "mpi_gather" : 0.000000,
		 "mpi_send" : 0.000000,
		 "mpi_gather2" : 0.000000,
		 "mpi_receive" : 0.000000,
		 "malloc" : 0.000000,
		 "gridfill()" : 83.963206,
		 "total" : 8116.729732,
		 " " : 0.000000
 	}
}
