{
	"Timing" :
	 {
		 "coprocess_fct" : 193.008327,
		 "mpi_reduce" : 10.750611,
		 "square for loop" : 87.707421,
		 "mpi_reduce2" : 10.482581,
		 "histogramm loop " : 0.000000,
		 "mpi_gather" : 0.000000,
		 "mpi_send" : 0.000000,
		 "mpi_gather2" : 0.000000,
		 "mpi_receive" : 0.000000,
		 "malloc" : 0.000000,
		 "gridfill()" : 84.059393,
		 "total" : 8116.186517,
		 " " : 0.000000
 	}
}
