{
	"Timing" :
	 {
		 "coprocess_fct" : 192.575343,
		 "mpi_reduce" : 10.705892,
		 "square for loop" : 87.591586,
		 "mpi_reduce2" : 10.342452,
		 "histogramm loop " : 0.000000,
		 "mpi_gather" : 0.000000,
		 "mpi_send" : 0.000000,
		 "mpi_gather2" : 0.000000,
		 "mpi_receive" : 0.000000,
		 "malloc" : 0.000000,
		 "gridfill()" : 83.927117,
		 "total" : 8116.308668,
		 " " : 0.000000
 	}
}
