{
	"Timing" :
	 {
		 "coprocess_fct" : 193.013031,
		 "mpi_reduce" : 10.894898,
		 "square for loop" : 87.645193,
		 "mpi_reduce2" : 10.520964,
		 "histogramm loop " : 0.000000,
		 "mpi_gather" : 0.000000,
		 "mpi_send" : 0.000000,
		 "mpi_gather2" : 0.000000,
		 "mpi_receive" : 0.000000,
		 "malloc" : 0.000000,
		 "gridfill()" : 83.943554,
		 "total" : 8116.337651,
		 " " : 0.000000
 	}
}
