{
	"Timing" :
	 {
		 "coprocess_fct" : 193.124810,
		 "mpi_reduce" : 10.701224,
		 "square for loop" : 87.848716,
		 "mpi_reduce2" : 10.764299,
		 "histogramm loop " : 0.000000,
		 "mpi_gather" : 0.000000,
		 "mpi_send" : 0.000000,
		 "mpi_gather2" : 0.000000,
		 "mpi_receive" : 0.000000,
		 "malloc" : 0.000000,
		 "gridfill()" : 83.802084,
		 "total" : 8116.571824,
		 " " : 0.000000
 	}
}
