{
	"Timing" :
	 {
		 "coprocess_fct" : 193.248750,
		 "mpi_reduce" : 10.896944,
		 "square for loop" : 87.835798,
		 "mpi_reduce2" : 10.534059,
		 "histogramm loop " : 0.000000,
		 "mpi_gather" : 0.000000,
		 "mpi_send" : 0.000000,
		 "mpi_gather2" : 0.000000,
		 "mpi_receive" : 0.000000,
		 "malloc" : 0.000000,
		 "gridfill()" : 83.973507,
		 "total" : 8116.876568,
		 " " : 0.000000
 	}
}
