{
	"Timing" :
	 {
		 "coprocess_fct" : 193.648979,
		 "mpi_reduce" : 11.021603,
		 "square for loop" : 87.902432,
		 "mpi_reduce2" : 10.629780,
		 "histogramm loop " : 0.000000,
		 "mpi_gather" : 0.000000,
		 "mpi_send" : 0.000000,
		 "mpi_gather2" : 0.000000,
		 "mpi_receive" : 0.000000,
		 "malloc" : 0.000000,
		 "gridfill()" : 84.086642,
		 "total" : 8116.127849,
		 " " : 0.000000
 	}
}
