{
	"Timing" :
	 {
		 "coprocess_fct" : 193.016289,
		 "mpi_reduce" : 10.581822,
		 "square for loop" : 87.726418,
		 "mpi_reduce2" : 10.683386,
		 "histogramm loop " : 0.000000,
		 "mpi_gather" : 0.000000,
		 "mpi_send" : 0.000000,
		 "mpi_gather2" : 0.000000,
		 "mpi_receive" : 0.000000,
		 "malloc" : 0.000000,
		 "gridfill()" : 84.016254,
		 "total" : 8116.521144,
		 " " : 0.000000
 	}
}
