{
	"Timing" :
	 {
		 "coprocess_fct" : 192.826794,
		 "mpi_reduce" : 10.538102,
		 "square for loop" : 87.692347,
		 "mpi_reduce2" : 10.772422,
		 "histogramm loop " : 0.000000,
		 "mpi_gather" : 0.000000,
		 "mpi_send" : 0.000000,
		 "mpi_gather2" : 0.000000,
		 "mpi_receive" : 0.000000,
		 "malloc" : 0.000000,
		 "gridfill()" : 83.815486,
		 "total" : 8116.072001,
		 " " : 0.000000
 	}
}
