{
	"Timing" :
	 {
		 "coprocess_fct" : 193.284230,
		 "mpi_reduce" : 10.996496,
		 "square for loop" : 87.838983,
		 "mpi_reduce2" : 10.453485,
		 "histogramm loop " : 0.000000,
		 "mpi_gather" : 0.000000,
		 "mpi_send" : 0.000000,
		 "mpi_gather2" : 0.000000,
		 "mpi_receive" : 0.000000,
		 "malloc" : 0.000000,
		 "gridfill()" : 83.986854,
		 "total" : 8116.160094,
		 " " : 0.000000
 	}
}
