{
	"Timing" :
	 {
		 "coprocess_fct" : 192.902833,
		 "mpi_reduce" : 10.859463,
		 "square for loop" : 87.628826,
		 "mpi_reduce2" : 10.530251,
		 "histogramm loop " : 0.000000,
		 "mpi_gather" : 0.000000,
		 "mpi_send" : 0.000000,
		 "mpi_gather2" : 0.000000,
		 "mpi_receive" : 0.000000,
		 "malloc" : 0.000000,
		 "gridfill()" : 83.875844,
		 "total" : 8116.100762,
		 " " : 0.000000
 	}
}
