{
	"Timing" :
	 {
		 "coprocess_fct" : 192.773947,
		 "mpi_reduce" : 10.854739,
		 "square for loop" : 87.693941,
		 "mpi_reduce2" : 10.303924,
		 "histogramm loop " : 0.000000,
		 "mpi_gather" : 0.000000,
		 "mpi_send" : 0.000000,
		 "mpi_gather2" : 0.000000,
		 "mpi_receive" : 0.000000,
		 "malloc" : 0.000000,
		 "gridfill()" : 83.912939,
		 "total" : 8116.288377,
		 " " : 0.000000
 	}
}
