{
	"Timing" :
	 {
		 "coprocess_fct" : 193.004502,
		 "mpi_reduce" : 10.808746,
		 "square for loop" : 87.736864,
		 "mpi_reduce2" : 10.441038,
		 "histogramm loop " : 0.000000,
		 "mpi_gather" : 0.000000,
		 "mpi_send" : 0.000000,
		 "mpi_gather2" : 0.000000,
		 "mpi_receive" : 0.000000,
		 "malloc" : 0.000000,
		 "gridfill()" : 84.009425,
		 "total" : 8116.291476,
		 " " : 0.000000
 	}
}
