{
	"Timing" :
	 {
		 "coprocess_fct" : 193.058718,
		 "mpi_reduce" : 10.720732,
		 "square for loop" : 87.797111,
		 "mpi_reduce2" : 10.512670,
		 "histogramm loop " : 0.000000,
		 "mpi_gather" : 0.000000,
		 "mpi_send" : 0.000000,
		 "mpi_gather2" : 0.000000,
		 "mpi_receive" : 0.000000,
		 "malloc" : 0.000000,
		 "gridfill()" : 84.019711,
		 "total" : 8116.213227,
		 " " : 0.000000
 	}
}
