{
	"Timing" :
	 {
		 "coprocess_fct" : 192.766184,
		 "mpi_reduce" : 10.660449,
		 "square for loop" : 87.795899,
		 "mpi_reduce2" : 10.342963,
		 "histogramm loop " : 0.000000,
		 "mpi_gather" : 0.000000,
		 "mpi_send" : 0.000000,
		 "mpi_gather2" : 0.000000,
		 "mpi_receive" : 0.000000,
		 "malloc" : 0.000000,
		 "gridfill()" : 83.958487,
		 "total" : 8116.183826,
		 " " : 0.000000
 	}
}
