{
	"Timing" :
	 {
		 "coprocess_fct" : 193.341749,
		 "mpi_reduce" : 10.565584,
		 "square for loop" : 87.833522,
		 "mpi_reduce2" : 10.746346,
		 "histogramm loop " : 0.000000,
		 "mpi_gather" : 0.000000,
		 "mpi_send" : 0.000000,
		 "mpi_gather2" : 0.000000,
		 "mpi_receive" : 0.000000,
		 "malloc" : 0.000000,
		 "gridfill()" : 84.187844,
		 "total" : 8116.323138,
		 " " : 0.000000
 	}
}
