{
	"Timing" :
	 {
		 "coprocess_fct" : 192.739224,
		 "mpi_reduce" : 10.765237,
		 "square for loop" : 87.674913,
		 "mpi_reduce2" : 10.365356,
		 "histogramm loop " : 0.000000,
		 "mpi_gather" : 0.000000,
		 "mpi_send" : 0.000000,
		 "mpi_gather2" : 0.000000,
		 "mpi_receive" : 0.000000,
		 "malloc" : 0.000000,
		 "gridfill()" : 83.925323,
		 "total" : 8116.300674,
		 " " : 0.000000
 	}
}
