{
	"Timing" :
	 {
		 "coprocess_fct" : 192.935026,
		 "mpi_reduce" : 10.414066,
		 "square for loop" : 87.838145,
		 "mpi_reduce2" : 10.489615,
		 "histogramm loop " : 0.000000,
		 "mpi_gather" : 0.000000,
		 "mpi_send" : 0.000000,
		 "mpi_gather2" : 0.000000,
		 "mpi_receive" : 0.000000,
		 "malloc" : 0.000000,
		 "gridfill()" : 84.184792,
		 "total" : 8116.402474,
		 " " : 0.000000
 	}
}
