{
	"Timing" :
	 {
		 "coprocess_fct" : 193.133009,
		 "mpi_reduce" : 10.809925,
		 "square for loop" : 87.887033,
		 "mpi_reduce2" : 10.416389,
		 "histogramm loop " : 0.000000,
		 "mpi_gather" : 0.000000,
		 "mpi_send" : 0.000000,
		 "mpi_gather2" : 0.000000,
		 "mpi_receive" : 0.000000,
		 "malloc" : 0.000000,
		 "gridfill()" : 84.011231,
		 "total" : 8116.760030,
		 " " : 0.000000
 	}
}
