{
	"Timing" :
	 {
		 "coprocess_fct" : 192.785676,
		 "mpi_reduce" : 10.577947,
		 "square for loop" : 87.741620,
		 "mpi_reduce2" : 10.364412,
		 "histogramm loop " : 0.000000,
		 "mpi_gather" : 0.000000,
		 "mpi_send" : 0.000000,
		 "mpi_gather2" : 0.000000,
		 "mpi_receive" : 0.000000,
		 "malloc" : 0.000000,
		 "gridfill()" : 84.093232,
		 "total" : 8116.251453,
		 " " : 0.000000
 	}
}
