{
	"Timing" :
	 {
		 "coprocess_fct" : 193.296200,
		 "mpi_reduce" : 10.920807,
		 "square for loop" : 87.914249,
		 "mpi_reduce2" : 10.476295,
		 "histogramm loop " : 0.000000,
		 "mpi_gather" : 0.000000,
		 "mpi_send" : 0.000000,
		 "mpi_gather2" : 0.000000,
		 "mpi_receive" : 0.000000,
		 "malloc" : 0.000000,
		 "gridfill()" : 83.976353,
		 "total" : 8116.159706,
		 " " : 0.000000
 	}
}
