{
	"Timing" :
	 {
		 "coprocess_fct" : 193.142628,
		 "mpi_reduce" : 10.840459,
		 "square for loop" : 87.737325,
		 "mpi_reduce2" : 10.421769,
		 "histogramm loop " : 0.000000,
		 "mpi_gather" : 0.000000,
		 "mpi_send" : 0.000000,
		 "mpi_gather2" : 0.000000,
		 "mpi_receive" : 0.000000,
		 "malloc" : 0.000000,
		 "gridfill()" : 84.134680,
		 "total" : 8116.694682,
		 " " : 0.000000
 	}
}
