{
	"Timing" :
	 {
		 "coprocess_fct" : 192.926967,
		 "mpi_reduce" : 10.817527,
		 "square for loop" : 87.720286,
		 "mpi_reduce2" : 10.316946,
		 "histogramm loop " : 0.000000,
		 "mpi_gather" : 0.000000,
		 "mpi_send" : 0.000000,
		 "mpi_gather2" : 0.000000,
		 "mpi_receive" : 0.000000,
		 "malloc" : 0.000000,
		 "gridfill()" : 84.063874,
		 "total" : 8116.188647,
		 " " : 0.000000
 	}
}
