{
	"Timing" :
	 {
		 "coprocess_fct" : 192.913901,
		 "mpi_reduce" : 10.870844,
		 "square for loop" : 87.578322,
		 "mpi_reduce2" : 10.550117,
		 "histogramm loop " : 0.000000,
		 "mpi_gather" : 0.000000,
		 "mpi_send" : 0.000000,
		 "mpi_gather2" : 0.000000,
		 "mpi_receive" : 0.000000,
		 "malloc" : 0.000000,
		 "gridfill()" : 83.906119,
		 "total" : 8116.845274,
		 " " : 0.000000
 	}
}
