{
	"Timing" :
	 {
		 "coprocess_fct" : 192.720034,
		 "mpi_reduce" : 10.559349,
		 "square for loop" : 87.705392,
		 "mpi_reduce2" : 10.340887,
		 "histogramm loop " : 0.000000,
		 "mpi_gather" : 0.000000,
		 "mpi_send" : 0.000000,
		 "mpi_gather2" : 0.000000,
		 "mpi_receive" : 0.000000,
		 "malloc" : 0.000000,
		 "gridfill()" : 84.105862,
		 "total" : 8116.477246,
		 " " : 0.000000
 	}
}
