{
	"Timing" :
	 {
		 "coprocess_fct" : 193.345440,
		 "mpi_reduce" : 10.854064,
		 "square for loop" : 87.853392,
		 "mpi_reduce2" : 10.724752,
		 "histogramm loop " : 0.000000,
		 "mpi_gather" : 0.000000,
		 "mpi_send" : 0.000000,
		 "mpi_gather2" : 0.000000,
		 "mpi_receive" : 0.000000,
		 "malloc" : 0.000000,
		 "gridfill()" : 83.904896,
		 "total" : 8116.148269,
		 " " : 0.000000
 	}
}
