{
	"Timing" :
	 {
		 "coprocess_fct" : 193.018870,
		 "mpi_reduce" : 10.831423,
		 "square for loop" : 87.669732,
		 "mpi_reduce2" : 10.321062,
		 "histogramm loop " : 0.000000,
		 "mpi_gather" : 0.000000,
		 "mpi_send" : 0.000000,
		 "mpi_gather2" : 0.000000,
		 "mpi_receive" : 0.000000,
		 "malloc" : 0.000000,
		 "gridfill()" : 84.188208,
		 "total" : 8116.291635,
		 " " : 0.000000
 	}
}
