{
	"Timing" :
	 {
		 "coprocess_fct" : 193.416604,
		 "mpi_reduce" : 10.542154,
		 "square for loop" : 87.798791,
		 "mpi_reduce2" : 10.839578,
		 "histogramm loop " : 0.000000,
		 "mpi_gather" : 0.000000,
		 "mpi_send" : 0.000000,
		 "mpi_gather2" : 0.000000,
		 "mpi_receive" : 0.000000,
		 "malloc" : 0.000000,
		 "gridfill()" : 84.227730,
		 "total" : 8116.217401,
		 " " : 0.000000
 	}
}
