{
	"Timing" :
	 {
		 "coprocess_fct" : 192.883439,
		 "mpi_reduce" : 10.760609,
		 "square for loop" : 87.740109,
		 "mpi_reduce2" : 10.379856,
		 "histogramm loop " : 0.000000,
		 "mpi_gather" : 0.000000,
		 "mpi_send" : 0.000000,
		 "mpi_gather2" : 0.000000,
		 "mpi_receive" : 0.000000,
		 "malloc" : 0.000000,
		 "gridfill()" : 83.994376,
		 "total" : 8116.246530,
		 " " : 0.000000
 	}
}
