{
	"Timing" :
	 {
		 "coprocess_fct" : 193.341727,
		 "mpi_reduce" : 10.859687,
		 "square for loop" : 87.774127,
		 "mpi_reduce2" : 10.614632,
		 "histogramm loop " : 0.000000,
		 "mpi_gather" : 0.000000,
		 "mpi_send" : 0.000000,
		 "mpi_gather2" : 0.000000,
		 "mpi_receive" : 0.000000,
		 "malloc" : 0.000000,
		 "gridfill()" : 84.084901,
		 "total" : 8116.221678,
		 " " : 0.000000
 	}
}
