{
	"Timing" :
	 {
		 "coprocess_fct" : 192.865206,
		 "mpi_reduce" : 10.537364,
		 "square for loop" : 87.782724,
		 "mpi_reduce2" : 10.392275,
		 "histogramm loop " : 0.000000,
		 "mpi_gather" : 0.000000,
		 "mpi_send" : 0.000000,
		 "mpi_gather2" : 0.000000,
		 "mpi_receive" : 0.000000,
		 "malloc" : 0.000000,
		 "gridfill()" : 84.144536,
		 "total" : 8116.375459,
		 " " : 0.000000
 	}
}
