{
	"Timing" :
	 {
		 "coprocess_fct" : 193.003460,
		 "mpi_reduce" : 11.020882,
		 "square for loop" : 87.814125,
		 "mpi_reduce2" : 10.346313,
		 "histogramm loop " : 0.000000,
		 "mpi_gather" : 0.000000,
		 "mpi_send" : 0.000000,
		 "mpi_gather2" : 0.000000,
		 "mpi_receive" : 0.000000,
		 "malloc" : 0.000000,
		 "gridfill()" : 83.813604,
		 "total" : 8116.800492,
		 " " : 0.000000
 	}
}
