{
	"Timing" :
	 {
		 "coprocess_fct" : 192.906666,
		 "mpi_reduce" : 10.653523,
		 "square for loop" : 87.747513,
		 "mpi_reduce2" : 10.591313,
		 "histogramm loop " : 0.000000,
		 "mpi_gather" : 0.000000,
		 "mpi_send" : 0.000000,
		 "mpi_gather2" : 0.000000,
		 "mpi_receive" : 0.000000,
		 "malloc" : 0.000000,
		 "gridfill()" : 83.905999,
		 "total" : 8116.609732,
		 " " : 0.000000
 	}
}
