{
	"Timing" :
	 {
		 "coprocess_fct" : 193.326208,
		 "mpi_reduce" : 10.840526,
		 "square for loop" : 87.828551,
		 "mpi_reduce2" : 10.477495,
		 "histogramm loop " : 0.000000,
		 "mpi_gather" : 0.000000,
		 "mpi_send" : 0.000000,
		 "mpi_gather2" : 0.000000,
		 "mpi_receive" : 0.000000,
		 "malloc" : 0.000000,
		 "gridfill()" : 84.171315,
		 "total" : 8116.193892,
		 " " : 0.000000
 	}
}
