{
	"Timing" :
	 {
		 "coprocess_fct" : 192.772016,
		 "mpi_reduce" : 10.589825,
		 "square for loop" : 87.784688,
		 "mpi_reduce2" : 10.315624,
		 "histogramm loop " : 0.000000,
		 "mpi_gather" : 0.000000,
		 "mpi_send" : 0.000000,
		 "mpi_gather2" : 0.000000,
		 "mpi_receive" : 0.000000,
		 "malloc" : 0.000000,
		 "gridfill()" : 84.073421,
		 "total" : 8116.277711,
		 " " : 0.000000
 	}
}
