{
	"Timing" :
	 {
		 "coprocess_fct" : 193.505016,
		 "mpi_reduce" : 10.694787,
		 "square for loop" : 87.725632,
		 "mpi_reduce2" : 10.641386,
		 "histogramm loop " : 0.000000,
		 "mpi_gather" : 0.000000,
		 "mpi_send" : 0.000000,
		 "mpi_gather2" : 0.000000,
		 "mpi_receive" : 0.000000,
		 "malloc" : 0.000000,
		 "gridfill()" : 84.434789,
		 "total" : 8116.314088,
		 " " : 0.000000
 	}
}
