{
	"Timing" :
	 {
		 "coprocess_fct" : 193.542091,
		 "mpi_reduce" : 10.803324,
		 "square for loop" : 87.926367,
		 "mpi_reduce2" : 10.386040,
		 "histogramm loop " : 0.000000,
		 "mpi_gather" : 0.000000,
		 "mpi_send" : 0.000000,
		 "mpi_gather2" : 0.000000,
		 "mpi_receive" : 0.000000,
		 "malloc" : 0.000000,
		 "gridfill()" : 84.417937,
		 "total" : 8116.875070,
		 " " : 0.000000
 	}
}
