{
	"Timing" :
	 {
		 "coprocess_fct" : 193.083825,
		 "mpi_reduce" : 10.837627,
		 "square for loop" : 87.883286,
		 "mpi_reduce2" : 10.471362,
		 "histogramm loop " : 0.000000,
		 "mpi_gather" : 0.000000,
		 "mpi_send" : 0.000000,
		 "mpi_gather2" : 0.000000,
		 "mpi_receive" : 0.000000,
		 "malloc" : 0.000000,
		 "gridfill()" : 83.883232,
		 "total" : 8116.217453,
		 " " : 0.000000
 	}
}
