{
	"Timing" :
	 {
		 "coprocess_fct" : 193.308600,
		 "mpi_reduce" : 10.848255,
		 "square for loop" : 87.773780,
		 "mpi_reduce2" : 10.739998,
		 "histogramm loop " : 0.000000,
		 "mpi_gather" : 0.000000,
		 "mpi_send" : 0.000000,
		 "mpi_gather2" : 0.000000,
		 "mpi_receive" : 0.000000,
		 "malloc" : 0.000000,
		 "gridfill()" : 83.938090,
		 "total" : 8116.331399,
		 " " : 0.000000
 	}
}
