{
	"Timing" :
	 {
		 "coprocess_fct" : 193.314547,
		 "mpi_reduce" : 10.755472,
		 "square for loop" : 87.752070,
		 "mpi_reduce2" : 10.636932,
		 "histogramm loop " : 0.000000,
		 "mpi_gather" : 0.000000,
		 "mpi_send" : 0.000000,
		 "mpi_gather2" : 0.000000,
		 "mpi_receive" : 0.000000,
		 "malloc" : 0.000000,
		 "gridfill()" : 84.161582,
		 "total" : 8116.241810,
		 " " : 0.000000
 	}
}
