{
	"Timing" :
	 {
		 "coprocess_fct" : 192.951073,
		 "mpi_reduce" : 10.855950,
		 "square for loop" : 87.756829,
		 "mpi_reduce2" : 10.303715,
		 "histogramm loop " : 0.000000,
		 "mpi_gather" : 0.000000,
		 "mpi_send" : 0.000000,
		 "mpi_gather2" : 0.000000,
		 "mpi_receive" : 0.000000,
		 "malloc" : 0.000000,
		 "gridfill()" : 84.026206,
		 "total" : 8116.044998,
		 " " : 0.000000
 	}
}
