{
	"Timing" :
	 {
		 "coprocess_fct" : 192.937367,
		 "mpi_reduce" : 10.568657,
		 "square for loop" : 87.778524,
		 "mpi_reduce2" : 10.559957,
		 "histogramm loop " : 0.000000,
		 "mpi_gather" : 0.000000,
		 "mpi_send" : 0.000000,
		 "mpi_gather2" : 0.000000,
		 "mpi_receive" : 0.000000,
		 "malloc" : 0.000000,
		 "gridfill()" : 84.021841,
		 "total" : 8116.538125,
		 " " : 0.000000
 	}
}
