{
	"Timing" :
	 {
		 "coprocess_fct" : 193.064944,
		 "mpi_reduce" : 10.551386,
		 "square for loop" : 87.887053,
		 "mpi_reduce2" : 10.607968,
		 "histogramm loop " : 0.000000,
		 "mpi_gather" : 0.000000,
		 "mpi_send" : 0.000000,
		 "mpi_gather2" : 0.000000,
		 "mpi_receive" : 0.000000,
		 "malloc" : 0.000000,
		 "gridfill()" : 84.010106,
		 "total" : 8116.555908,
		 " " : 0.000000
 	}
}
