{
	"Timing" :
	 {
		 "coprocess_fct" : 193.235690,
		 "mpi_reduce" : 10.887358,
		 "square for loop" : 87.892085,
		 "mpi_reduce2" : 10.514675,
		 "histogramm loop " : 0.000000,
		 "mpi_gather" : 0.000000,
		 "mpi_send" : 0.000000,
		 "mpi_gather2" : 0.000000,
		 "mpi_receive" : 0.000000,
		 "malloc" : 0.000000,
		 "gridfill()" : 83.933110,
		 "total" : 8116.113630,
		 " " : 0.000000
 	}
}
