{
	"Timing" :
	 {
		 "coprocess_fct" : 193.138072,
		 "mpi_reduce" : 10.887764,
		 "square for loop" : 87.681546,
		 "mpi_reduce2" : 10.596179,
		 "histogramm loop " : 0.000000,
		 "mpi_gather" : 0.000000,
		 "mpi_send" : 0.000000,
		 "mpi_gather2" : 0.000000,
		 "mpi_receive" : 0.000000,
		 "malloc" : 0.000000,
		 "gridfill()" : 83.964217,
		 "total" : 8116.335116,
		 " " : 0.000000
 	}
}
