{
	"Timing" :
	 {
		 "coprocess_fct" : 193.504915,
		 "mpi_reduce" : 10.655565,
		 "square for loop" : 87.827612,
		 "mpi_reduce2" : 10.737960,
		 "histogramm loop " : 0.000000,
		 "mpi_gather" : 0.000000,
		 "mpi_send" : 0.000000,
		 "mpi_gather2" : 0.000000,
		 "mpi_receive" : 0.000000,
		 "malloc" : 0.000000,
		 "gridfill()" : 84.275355,
		 "total" : 8116.179781,
		 " " : 0.000000
 	}
}
