{
	"Timing" :
	 {
		 "coprocess_fct" : 193.269594,
		 "mpi_reduce" : 10.946570,
		 "square for loop" : 87.799598,
		 "mpi_reduce2" : 10.580993,
		 "histogramm loop " : 0.000000,
		 "mpi_gather" : 0.000000,
		 "mpi_send" : 0.000000,
		 "mpi_gather2" : 0.000000,
		 "mpi_receive" : 0.000000,
		 "malloc" : 0.000000,
		 "gridfill()" : 83.933947,
		 "total" : 8116.150327,
		 " " : 0.000000
 	}
}
