{
	"Timing" :
	 {
		 "coprocess_fct" : 192.859536,
		 "mpi_reduce" : 10.744257,
		 "square for loop" : 87.713276,
		 "mpi_reduce2" : 10.360775,
		 "histogramm loop " : 0.000000,
		 "mpi_gather" : 0.000000,
		 "mpi_send" : 0.000000,
		 "mpi_gather2" : 0.000000,
		 "mpi_receive" : 0.000000,
		 "malloc" : 0.000000,
		 "gridfill()" : 84.032883,
		 "total" : 8116.290292,
		 " " : 0.000000
 	}
}
