{
	"Timing" :
	 {
		 "coprocess_fct" : 193.210661,
		 "mpi_reduce" : 11.010740,
		 "square for loop" : 87.641906,
		 "mpi_reduce2" : 10.356940,
		 "histogramm loop " : 0.000000,
		 "mpi_gather" : 0.000000,
		 "mpi_send" : 0.000000,
		 "mpi_gather2" : 0.000000,
		 "mpi_receive" : 0.000000,
		 "malloc" : 0.000000,
		 "gridfill()" : 84.192651,
		 "total" : 8116.396176,
		 " " : 0.000000
 	}
}
