{
	"Timing" :
	 {
		 "coprocess_fct" : 193.062635,
		 "mpi_reduce" : 10.622558,
		 "square for loop" : 87.718130,
		 "mpi_reduce2" : 10.667660,
		 "histogramm loop " : 0.000000,
		 "mpi_gather" : 0.000000,
		 "mpi_send" : 0.000000,
		 "mpi_gather2" : 0.000000,
		 "mpi_receive" : 0.000000,
		 "malloc" : 0.000000,
		 "gridfill()" : 84.045947,
		 "total" : 8116.332754,
		 " " : 0.000000
 	}
}
