{
	"Timing" :
	 {
		 "coprocess_fct" : 193.345430,
		 "mpi_reduce" : 10.797202,
		 "square for loop" : 87.728310,
		 "mpi_reduce2" : 10.364599,
		 "histogramm loop " : 0.000000,
		 "mpi_gather" : 0.000000,
		 "mpi_send" : 0.000000,
		 "mpi_gather2" : 0.000000,
		 "mpi_receive" : 0.000000,
		 "malloc" : 0.000000,
		 "gridfill()" : 84.446940,
		 "total" : 8116.502928,
		 " " : 0.000000
 	}
}
