{
	"Timing" :
	 {
		 "coprocess_fct" : 193.004486,
		 "mpi_reduce" : 10.533166,
		 "square for loop" : 87.698217,
		 "mpi_reduce2" : 10.835763,
		 "histogramm loop " : 0.000000,
		 "mpi_gather" : 0.000000,
		 "mpi_send" : 0.000000,
		 "mpi_gather2" : 0.000000,
		 "mpi_receive" : 0.000000,
		 "malloc" : 0.000000,
		 "gridfill()" : 83.928928,
		 "total" : 8116.189274,
		 " " : 0.000000
 	}
}
