{
	"Timing" :
	 {
		 "coprocess_fct" : 193.182330,
		 "mpi_reduce" : 10.604907,
		 "square for loop" : 87.796377,
		 "mpi_reduce2" : 10.542839,
		 "histogramm loop " : 0.000000,
		 "mpi_gather" : 0.000000,
		 "mpi_send" : 0.000000,
		 "mpi_gather2" : 0.000000,
		 "mpi_receive" : 0.000000,
		 "malloc" : 0.000000,
		 "gridfill()" : 84.229813,
		 "total" : 8116.263746,
		 " " : 0.000000
 	}
}
