{
	"Timing" :
	 {
		 "coprocess_fct" : 193.068384,
		 "mpi_reduce" : 10.659322,
		 "square for loop" : 87.823564,
		 "mpi_reduce2" : 10.460097,
		 "histogramm loop " : 0.000000,
		 "mpi_gather" : 0.000000,
		 "mpi_send" : 0.000000,
		 "mpi_gather2" : 0.000000,
		 "mpi_receive" : 0.000000,
		 "malloc" : 0.000000,
		 "gridfill()" : 84.116947,
		 "total" : 8116.450294,
		 " " : 0.000000
 	}
}
