{
	"Timing" :
	 {
		 "coprocess_fct" : 193.481392,
		 "mpi_reduce" : 10.739479,
		 "square for loop" : 87.712234,
		 "mpi_reduce2" : 10.730262,
		 "histogramm loop " : 0.000000,
		 "mpi_gather" : 0.000000,
		 "mpi_send" : 0.000000,
		 "mpi_gather2" : 0.000000,
		 "mpi_receive" : 0.000000,
		 "malloc" : 0.000000,
		 "gridfill()" : 84.290951,
		 "total" : 8116.222340,
		 " " : 0.000000
 	}
}
