{
	"Timing" :
	 {
		 "coprocess_fct" : 192.816000,
		 "mpi_reduce" : 10.616582,
		 "square for loop" : 87.743707,
		 "mpi_reduce2" : 10.434896,
		 "histogramm loop " : 0.000000,
		 "mpi_gather" : 0.000000,
		 "mpi_send" : 0.000000,
		 "mpi_gather2" : 0.000000,
		 "mpi_receive" : 0.000000,
		 "malloc" : 0.000000,
		 "gridfill()" : 84.012517,
		 "total" : 8116.758634,
		 " " : 0.000000
 	}
}
