{
	"Timing" :
	 {
		 "coprocess_fct" : 193.155297,
		 "mpi_reduce" : 10.683617,
		 "square for loop" : 87.811951,
		 "mpi_reduce2" : 10.534422,
		 "histogramm loop " : 0.000000,
		 "mpi_gather" : 0.000000,
		 "mpi_send" : 0.000000,
		 "mpi_gather2" : 0.000000,
		 "mpi_receive" : 0.000000,
		 "malloc" : 0.000000,
		 "gridfill()" : 84.116928,
		 "total" : 8116.218850,
		 " " : 0.000000
 	}
}
