{
	"Timing" :
	 {
		 "coprocess_fct" : 192.836462,
		 "mpi_reduce" : 10.740191,
		 "square for loop" : 87.698685,
		 "mpi_reduce2" : 10.469157,
		 "histogramm loop " : 0.000000,
		 "mpi_gather" : 0.000000,
		 "mpi_send" : 0.000000,
		 "mpi_gather2" : 0.000000,
		 "mpi_receive" : 0.000000,
		 "malloc" : 0.000000,
		 "gridfill()" : 83.920072,
		 "total" : 8116.162354,
		 " " : 0.000000
 	}
}
