{
	"Timing" :
	 {
		 "coprocess_fct" : 193.102678,
		 "mpi_reduce" : 10.535017,
		 "square for loop" : 87.765868,
		 "mpi_reduce2" : 10.743289,
		 "histogramm loop " : 0.000000,
		 "mpi_gather" : 0.000000,
		 "mpi_send" : 0.000000,
		 "mpi_gather2" : 0.000000,
		 "mpi_receive" : 0.000000,
		 "malloc" : 0.000000,
		 "gridfill()" : 84.050184,
		 "total" : 8116.364939,
		 " " : 0.000000
 	}
}
