{
	"Timing" :
	 {
		 "coprocess_fct" : 192.979210,
		 "mpi_reduce" : 10.539026,
		 "square for loop" : 87.702454,
		 "mpi_reduce2" : 10.665306,
		 "histogramm loop " : 0.000000,
		 "mpi_gather" : 0.000000,
		 "mpi_send" : 0.000000,
		 "mpi_gather2" : 0.000000,
		 "mpi_receive" : 0.000000,
		 "malloc" : 0.000000,
		 "gridfill()" : 84.064009,
		 "total" : 8116.354022,
		 " " : 0.000000
 	}
}
