{
	"Timing" :
	 {
		 "coprocess_fct" : 193.232038,
		 "mpi_reduce" : 10.716373,
		 "square for loop" : 87.701866,
		 "mpi_reduce2" : 10.634630,
		 "histogramm loop " : 0.000000,
		 "mpi_gather" : 0.000000,
		 "mpi_send" : 0.000000,
		 "mpi_gather2" : 0.000000,
		 "mpi_receive" : 0.000000,
		 "malloc" : 0.000000,
		 "gridfill()" : 84.170802,
		 "total" : 8116.357951,
		 " " : 0.000000
 	}
}
