{
	"Timing" :
	 {
		 "coprocess_fct" : 193.390951,
		 "mpi_reduce" : 10.858805,
		 "square for loop" : 87.858509,
		 "mpi_reduce2" : 10.593473,
		 "histogramm loop " : 0.000000,
		 "mpi_gather" : 0.000000,
		 "mpi_send" : 0.000000,
		 "mpi_gather2" : 0.000000,
		 "mpi_receive" : 0.000000,
		 "malloc" : 0.000000,
		 "gridfill()" : 84.071684,
		 "total" : 8116.075110,
		 " " : 0.000000
 	}
}
