{
	"Timing" :
	 {
		 "coprocess_fct" : 193.240844,
		 "mpi_reduce" : 10.982727,
		 "square for loop" : 87.713693,
		 "mpi_reduce2" : 10.567108,
		 "histogramm loop " : 0.000000,
		 "mpi_gather" : 0.000000,
		 "mpi_send" : 0.000000,
		 "mpi_gather2" : 0.000000,
		 "mpi_receive" : 0.000000,
		 "malloc" : 0.000000,
		 "gridfill()" : 83.968852,
		 "total" : 8116.151860,
		 " " : 0.000000
 	}
}
