{
	"Timing" :
	 {
		 "coprocess_fct" : 192.681137,
		 "mpi_reduce" : 10.894779,
		 "square for loop" : 87.619341,
		 "mpi_reduce2" : 10.325226,
		 "histogramm loop " : 0.000000,
		 "mpi_gather" : 0.000000,
		 "mpi_send" : 0.000000,
		 "mpi_gather2" : 0.000000,
		 "mpi_receive" : 0.000000,
		 "malloc" : 0.000000,
		 "gridfill()" : 83.833179,
		 "total" : 8116.286976,
		 " " : 0.000000
 	}
}
