{
	"Timing" :
	 {
		 "coprocess_fct" : 193.041184,
		 "mpi_reduce" : 10.653302,
		 "square for loop" : 87.764636,
		 "mpi_reduce2" : 10.507721,
		 "histogramm loop " : 0.000000,
		 "mpi_gather" : 0.000000,
		 "mpi_send" : 0.000000,
		 "mpi_gather2" : 0.000000,
		 "mpi_receive" : 0.000000,
		 "malloc" : 0.000000,
		 "gridfill()" : 84.107089,
		 "total" : 8116.280582,
		 " " : 0.000000
 	}
}
