{
	"Timing" :
	 {
		 "coprocess_fct" : 193.202209,
		 "mpi_reduce" : 10.595120,
		 "square for loop" : 87.734522,
		 "mpi_reduce2" : 10.474983,
		 "histogramm loop " : 0.000000,
		 "mpi_gather" : 0.000000,
		 "mpi_send" : 0.000000,
		 "mpi_gather2" : 0.000000,
		 "mpi_receive" : 0.000000,
		 "malloc" : 0.000000,
		 "gridfill()" : 84.389128,
		 "total" : 8116.590907,
		 " " : 0.000000
 	}
}
