{
	"Timing" :
	 {
		 "coprocess_fct" : 193.483514,
		 "mpi_reduce" : 10.696297,
		 "square for loop" : 87.754721,
		 "mpi_reduce2" : 10.847513,
		 "histogramm loop " : 0.000000,
		 "mpi_gather" : 0.000000,
		 "mpi_send" : 0.000000,
		 "mpi_gather2" : 0.000000,
		 "mpi_receive" : 0.000000,
		 "malloc" : 0.000000,
		 "gridfill()" : 84.176593,
		 "total" : 8116.323682,
		 " " : 0.000000
 	}
}
