{
	"Timing" :
	 {
		 "coprocess_fct" : 192.966898,
		 "mpi_reduce" : 10.675914,
		 "square for loop" : 87.897248,
		 "mpi_reduce2" : 10.451723,
		 "histogramm loop " : 0.000000,
		 "mpi_gather" : 0.000000,
		 "mpi_send" : 0.000000,
		 "mpi_gather2" : 0.000000,
		 "mpi_receive" : 0.000000,
		 "malloc" : 0.000000,
		 "gridfill()" : 83.933581,
		 "total" : 8116.187165,
		 " " : 0.000000
 	}
}
