{
	"Timing" :
	 {
		 "coprocess_fct" : 192.948977,
		 "mpi_reduce" : 10.869208,
		 "square for loop" : 87.700264,
		 "mpi_reduce2" : 10.534678,
		 "histogramm loop " : 0.000000,
		 "mpi_gather" : 0.000000,
		 "mpi_send" : 0.000000,
		 "mpi_gather2" : 0.000000,
		 "mpi_receive" : 0.000000,
		 "malloc" : 0.000000,
		 "gridfill()" : 83.836303,
		 "total" : 8116.295517,
		 " " : 0.000000
 	}
}
