{
	"Timing" :
	 {
		 "coprocess_fct" : 193.109518,
		 "mpi_reduce" : 10.622631,
		 "square for loop" : 87.740093,
		 "mpi_reduce2" : 10.726748,
		 "histogramm loop " : 0.000000,
		 "mpi_gather" : 0.000000,
		 "mpi_send" : 0.000000,
		 "mpi_gather2" : 0.000000,
		 "mpi_receive" : 0.000000,
		 "malloc" : 0.000000,
		 "gridfill()" : 84.011515,
		 "total" : 8116.729175,
		 " " : 0.000000
 	}
}
