{
	"Timing" :
	 {
		 "coprocess_fct" : 192.619524,
		 "mpi_reduce" : 10.472680,
		 "square for loop" : 87.770954,
		 "mpi_reduce2" : 10.374498,
		 "histogramm loop " : 0.000000,
		 "mpi_gather" : 0.000000,
		 "mpi_send" : 0.000000,
		 "mpi_gather2" : 0.000000,
		 "mpi_receive" : 0.000000,
		 "malloc" : 0.000000,
		 "gridfill()" : 83.992960,
		 "total" : 8116.492641,
		 " " : 0.000000
 	}
}
