{
	"Timing" :
	 {
		 "coprocess_fct" : 192.894899,
		 "mpi_reduce" : 10.855624,
		 "square for loop" : 87.704427,
		 "mpi_reduce2" : 10.316510,
		 "histogramm loop " : 0.000000,
		 "mpi_gather" : 0.000000,
		 "mpi_send" : 0.000000,
		 "mpi_gather2" : 0.000000,
		 "mpi_receive" : 0.000000,
		 "malloc" : 0.000000,
		 "gridfill()" : 84.009888,
		 "total" : 8116.157846,
		 " " : 0.000000
 	}
}
