{
	"Timing" :
	 {
		 "coprocess_fct" : 193.054707,
		 "mpi_reduce" : 10.941115,
		 "square for loop" : 87.679767,
		 "mpi_reduce2" : 10.534018,
		 "histogramm loop " : 0.000000,
		 "mpi_gather" : 0.000000,
		 "mpi_send" : 0.000000,
		 "mpi_gather2" : 0.000000,
		 "mpi_receive" : 0.000000,
		 "malloc" : 0.000000,
		 "gridfill()" : 83.891391,
		 "total" : 8116.152069,
		 " " : 0.000000
 	}
}
