{
	"Timing" :
	 {
		 "coprocess_fct" : 193.206281,
		 "mpi_reduce" : 10.858344,
		 "square for loop" : 87.797310,
		 "mpi_reduce2" : 10.459928,
		 "histogramm loop " : 0.000000,
		 "mpi_gather" : 0.000000,
		 "mpi_send" : 0.000000,
		 "mpi_gather2" : 0.000000,
		 "mpi_receive" : 0.000000,
		 "malloc" : 0.000000,
		 "gridfill()" : 84.082343,
		 "total" : 8116.694008,
		 " " : 0.000000
 	}
}
