{
	"Timing" :
	 {
		 "coprocess_fct" : 193.201025,
		 "mpi_reduce" : 10.664494,
		 "square for loop" : 87.864355,
		 "mpi_reduce2" : 10.451843,
		 "histogramm loop " : 0.000000,
		 "mpi_gather" : 0.000000,
		 "mpi_send" : 0.000000,
		 "mpi_gather2" : 0.000000,
		 "mpi_receive" : 0.000000,
		 "malloc" : 0.000000,
		 "gridfill()" : 84.211813,
		 "total" : 8116.519596,
		 " " : 0.000000
 	}
}
