{
	"Timing" :
	 {
		 "coprocess_fct" : 193.244253,
		 "mpi_reduce" : 10.761674,
		 "square for loop" : 87.720504,
		 "mpi_reduce2" : 10.504570,
		 "histogramm loop " : 0.000000,
		 "mpi_gather" : 0.000000,
		 "mpi_send" : 0.000000,
		 "mpi_gather2" : 0.000000,
		 "mpi_receive" : 0.000000,
		 "malloc" : 0.000000,
		 "gridfill()" : 84.249405,
		 "total" : 8116.229555,
		 " " : 0.000000
 	}
}
