{
	"Timing" :
	 {
		 "coprocess_fct" : 193.212816,
		 "mpi_reduce" : 10.570832,
		 "square for loop" : 87.897945,
		 "mpi_reduce2" : 10.678854,
		 "histogramm loop " : 0.000000,
		 "mpi_gather" : 0.000000,
		 "mpi_send" : 0.000000,
		 "mpi_gather2" : 0.000000,
		 "mpi_receive" : 0.000000,
		 "malloc" : 0.000000,
		 "gridfill()" : 84.056707,
		 "total" : 8116.710069,
		 " " : 0.000000
 	}
}
