{
	"Timing" :
	 {
		 "coprocess_fct" : 193.140857,
		 "mpi_reduce" : 10.876605,
		 "square for loop" : 87.693749,
		 "mpi_reduce2" : 10.603998,
		 "histogramm loop " : 0.000000,
		 "mpi_gather" : 0.000000,
		 "mpi_send" : 0.000000,
		 "mpi_gather2" : 0.000000,
		 "mpi_receive" : 0.000000,
		 "malloc" : 0.000000,
		 "gridfill()" : 83.958059,
		 "total" : 8116.595223,
		 " " : 0.000000
 	}
}
