{
	"Timing" :
	 {
		 "coprocess_fct" : 193.711878,
		 "mpi_reduce" : 10.843863,
		 "square for loop" : 87.882144,
		 "mpi_reduce2" : 10.678471,
		 "histogramm loop " : 0.000000,
		 "mpi_gather" : 0.000000,
		 "mpi_send" : 0.000000,
		 "mpi_gather2" : 0.000000,
		 "mpi_receive" : 0.000000,
		 "malloc" : 0.000000,
		 "gridfill()" : 84.299016,
		 "total" : 8116.627117,
		 " " : 0.000000
 	}
}
