{
	"Timing" :
	 {
		 "coprocess_fct" : 193.172341,
		 "mpi_reduce" : 10.795785,
		 "square for loop" : 87.762749,
		 "mpi_reduce2" : 10.561036,
		 "histogramm loop " : 0.000000,
		 "mpi_gather" : 0.000000,
		 "mpi_send" : 0.000000,
		 "mpi_gather2" : 0.000000,
		 "mpi_receive" : 0.000000,
		 "malloc" : 0.000000,
		 "gridfill()" : 84.044332,
		 "total" : 8116.212214,
		 " " : 0.000000
 	}
}
