{
	"Timing" :
	 {
		 "coprocess_fct" : 192.803696,
		 "mpi_reduce" : 10.481347,
		 "square for loop" : 87.914153,
		 "mpi_reduce2" : 10.367070,
		 "histogramm loop " : 0.000000,
		 "mpi_gather" : 0.000000,
		 "mpi_send" : 0.000000,
		 "mpi_gather2" : 0.000000,
		 "mpi_receive" : 0.000000,
		 "malloc" : 0.000000,
		 "gridfill()" : 84.032805,
		 "total" : 8030.278503,
		 " " : 0.000000
 	}
}
