{
	"Timing" :
	 {
		 "coprocess_fct" : 192.672522,
		 "mpi_reduce" : 10.685554,
		 "square for loop" : 87.786903,
		 "mpi_reduce2" : 10.377713,
		 "histogramm loop " : 0.000000,
		 "mpi_gather" : 0.000000,
		 "mpi_send" : 0.000000,
		 "mpi_gather2" : 0.000000,
		 "mpi_receive" : 0.000000,
		 "malloc" : 0.000000,
		 "gridfill()" : 83.813939,
		 "total" : 8030.030662,
		 " " : 0.000000
 	}
}
