{
	"Timing" :
	 {
		 "coprocess_fct" : 192.765603,
		 "mpi_reduce" : 10.659524,
		 "square for loop" : 87.766455,
		 "mpi_reduce2" : 10.322683,
		 "histogramm loop " : 0.000000,
		 "mpi_gather" : 0.000000,
		 "mpi_send" : 0.000000,
		 "mpi_gather2" : 0.000000,
		 "mpi_receive" : 0.000000,
		 "malloc" : 0.000000,
		 "gridfill()" : 84.008562,
		 "total" : 8030.298535,
		 " " : 0.000000
 	}
}
