{
	"Timing" :
	 {
		 "coprocess_fct" : 192.726043,
		 "mpi_reduce" : 10.469735,
		 "square for loop" : 87.791558,
		 "mpi_reduce2" : 10.363397,
		 "histogramm loop " : 0.000000,
		 "mpi_gather" : 0.000000,
		 "mpi_send" : 0.000000,
		 "mpi_gather2" : 0.000000,
		 "mpi_receive" : 0.000000,
		 "malloc" : 0.000000,
		 "gridfill()" : 84.092984,
		 "total" : 8030.109109,
		 " " : 0.000000
 	}
}
