{
	"Timing" :
	 {
		 "coprocess_fct" : 192.664118,
		 "mpi_reduce" : 10.558699,
		 "square for loop" : 87.858745,
		 "mpi_reduce2" : 10.310594,
		 "histogramm loop " : 0.000000,
		 "mpi_gather" : 0.000000,
		 "mpi_send" : 0.000000,
		 "mpi_gather2" : 0.000000,
		 "mpi_receive" : 0.000000,
		 "malloc" : 0.000000,
		 "gridfill()" : 83.927815,
		 "total" : 8029.787388,
		 " " : 0.000000
 	}
}
