{
	"Timing" :
	 {
		 "coprocess_fct" : 192.840836,
		 "mpi_reduce" : 10.494991,
		 "square for loop" : 87.795487,
		 "mpi_reduce2" : 10.435270,
		 "histogramm loop " : 0.000000,
		 "mpi_gather" : 0.000000,
		 "mpi_send" : 0.000000,
		 "mpi_gather2" : 0.000000,
		 "mpi_receive" : 0.000000,
		 "malloc" : 0.000000,
		 "gridfill()" : 84.106758,
		 "total" : 8030.207968,
		 " " : 0.000000
 	}
}
