{
	"Timing" :
	 {
		 "coprocess_fct" : 192.825036,
		 "mpi_reduce" : 10.558917,
		 "square for loop" : 87.781920,
		 "mpi_reduce2" : 10.362054,
		 "histogramm loop " : 0.000000,
		 "mpi_gather" : 0.000000,
		 "mpi_send" : 0.000000,
		 "mpi_gather2" : 0.000000,
		 "mpi_receive" : 0.000000,
		 "malloc" : 0.000000,
		 "gridfill()" : 84.113867,
		 "total" : 8029.994494,
		 " " : 0.000000
 	}
}
