{
	"Timing" :
	 {
		 "coprocess_fct" : 192.592512,
		 "mpi_reduce" : 10.477046,
		 "square for loop" : 87.675971,
		 "mpi_reduce2" : 10.435967,
		 "histogramm loop " : 0.000000,
		 "mpi_gather" : 0.000000,
		 "mpi_send" : 0.000000,
		 "mpi_gather2" : 0.000000,
		 "mpi_receive" : 0.000000,
		 "malloc" : 0.000000,
		 "gridfill()" : 83.995247,
		 "total" : 8030.237517,
		 " " : 0.000000
 	}
}
