{
	"Timing" :
	 {
		 "coprocess_fct" : 192.914478,
		 "mpi_reduce" : 10.594118,
		 "square for loop" : 87.820817,
		 "mpi_reduce2" : 10.382595,
		 "histogramm loop " : 0.000000,
		 "mpi_gather" : 0.000000,
		 "mpi_send" : 0.000000,
		 "mpi_gather2" : 0.000000,
		 "mpi_receive" : 0.000000,
		 "malloc" : 0.000000,
		 "gridfill()" : 84.108615,
		 "total" : 8030.131163,
		 " " : 0.000000
 	}
}
