{
	"Timing" :
	 {
		 "coprocess_fct" : 192.562846,
		 "mpi_reduce" : 10.560741,
		 "square for loop" : 87.818027,
		 "mpi_reduce2" : 10.361799,
		 "histogramm loop " : 0.000000,
		 "mpi_gather" : 0.000000,
		 "mpi_send" : 0.000000,
		 "mpi_gather2" : 0.000000,
		 "mpi_receive" : 0.000000,
		 "malloc" : 0.000000,
		 "gridfill()" : 83.813802,
		 "total" : 8030.476335,
		 " " : 0.000000
 	}
}
