{
	"Timing" :
	 {
		 "coprocess_fct" : 192.845751,
		 "mpi_reduce" : 10.640982,
		 "square for loop" : 87.777892,
		 "mpi_reduce2" : 10.354459,
		 "histogramm loop " : 0.000000,
		 "mpi_gather" : 0.000000,
		 "mpi_send" : 0.000000,
		 "mpi_gather2" : 0.000000,
		 "mpi_receive" : 0.000000,
		 "malloc" : 0.000000,
		 "gridfill()" : 84.064122,
		 "total" : 8030.007582,
		 " " : 0.000000
 	}
}
