{
	"Timing" :
	 {
		 "coprocess_fct" : 192.561749,
		 "mpi_reduce" : 10.515781,
		 "square for loop" : 87.779536,
		 "mpi_reduce2" : 10.309061,
		 "histogramm loop " : 0.000000,
		 "mpi_gather" : 0.000000,
		 "mpi_send" : 0.000000,
		 "mpi_gather2" : 0.000000,
		 "mpi_receive" : 0.000000,
		 "malloc" : 0.000000,
		 "gridfill()" : 83.949024,
		 "total" : 8030.078016,
		 " " : 0.000000
 	}
}
