{
	"Timing" :
	 {
		 "coprocess_fct" : 192.788226,
		 "mpi_reduce" : 10.497546,
		 "square for loop" : 87.798326,
		 "mpi_reduce2" : 10.407096,
		 "histogramm loop " : 0.000000,
		 "mpi_gather" : 0.000000,
		 "mpi_send" : 0.000000,
		 "mpi_gather2" : 0.000000,
		 "mpi_receive" : 0.000000,
		 "malloc" : 0.000000,
		 "gridfill()" : 84.076803,
		 "total" : 8029.853555,
		 " " : 0.000000
 	}
}
