{
	"Timing" :
	 {
		 "coprocess_fct" : 192.592053,
		 "mpi_reduce" : 10.482790,
		 "square for loop" : 87.689459,
		 "mpi_reduce2" : 10.270255,
		 "histogramm loop " : 0.000000,
		 "mpi_gather" : 0.000000,
		 "mpi_send" : 0.000000,
		 "mpi_gather2" : 0.000000,
		 "mpi_receive" : 0.000000,
		 "malloc" : 0.000000,
		 "gridfill()" : 84.141130,
		 "total" : 8030.052747,
		 " " : 0.000000
 	}
}
