{
	"Timing" :
	 {
		 "coprocess_fct" : 192.736288,
		 "mpi_reduce" : 10.520114,
		 "square for loop" : 87.798952,
		 "mpi_reduce2" : 10.356338,
		 "histogramm loop " : 0.000000,
		 "mpi_gather" : 0.000000,
		 "mpi_send" : 0.000000,
		 "mpi_gather2" : 0.000000,
		 "mpi_receive" : 0.000000,
		 "malloc" : 0.000000,
		 "gridfill()" : 84.052439,
		 "total" : 8029.785170,
		 " " : 0.000000
 	}
}
