{
	"Timing" :
	 {
		 "coprocess_fct" : 192.780329,
		 "mpi_reduce" : 10.535990,
		 "square for loop" : 87.742880,
		 "mpi_reduce2" : 10.393323,
		 "histogramm loop " : 0.000000,
		 "mpi_gather" : 0.000000,
		 "mpi_send" : 0.000000,
		 "mpi_gather2" : 0.000000,
		 "mpi_receive" : 0.000000,
		 "malloc" : 0.000000,
		 "gridfill()" : 84.099871,
		 "total" : 8030.065080,
		 " " : 0.000000
 	}
}
