{
	"Timing" :
	 {
		 "coprocess_fct" : 192.607671,
		 "mpi_reduce" : 10.631369,
		 "square for loop" : 87.644567,
		 "mpi_reduce2" : 10.489650,
		 "histogramm loop " : 0.000000,
		 "mpi_gather" : 0.000000,
		 "mpi_send" : 0.000000,
		 "mpi_gather2" : 0.000000,
		 "mpi_receive" : 0.000000,
		 "malloc" : 0.000000,
		 "gridfill()" : 83.833777,
		 "total" : 8029.945447,
		 " " : 0.000000
 	}
}
