{
	"Timing" :
	 {
		 "coprocess_fct" : 192.637134,
		 "mpi_reduce" : 10.524803,
		 "square for loop" : 87.752022,
		 "mpi_reduce2" : 10.350236,
		 "histogramm loop " : 0.000000,
		 "mpi_gather" : 0.000000,
		 "mpi_send" : 0.000000,
		 "mpi_gather2" : 0.000000,
		 "mpi_receive" : 0.000000,
		 "malloc" : 0.000000,
		 "gridfill()" : 84.001615,
		 "total" : 8029.969768,
		 " " : 0.000000
 	}
}
