{
	"Timing" :
	 {
		 "coprocess_fct" : 192.863780,
		 "mpi_reduce" : 10.677569,
		 "square for loop" : 87.784980,
		 "mpi_reduce2" : 10.412141,
		 "histogramm loop " : 0.000000,
		 "mpi_gather" : 0.000000,
		 "mpi_send" : 0.000000,
		 "mpi_gather2" : 0.000000,
		 "mpi_receive" : 0.000000,
		 "malloc" : 0.000000,
		 "gridfill()" : 83.980794,
		 "total" : 8030.306046,
		 " " : 0.000000
 	}
}
