{
	"Timing" :
	 {
		 "coprocess_fct" : 192.671099,
		 "mpi_reduce" : 10.612230,
		 "square for loop" : 87.840951,
		 "mpi_reduce2" : 10.358426,
		 "histogramm loop " : 0.000000,
		 "mpi_gather" : 0.000000,
		 "mpi_send" : 0.000000,
		 "mpi_gather2" : 0.000000,
		 "mpi_receive" : 0.000000,
		 "malloc" : 0.000000,
		 "gridfill()" : 83.851045,
		 "total" : 8030.061188,
		 " " : 0.000000
 	}
}
