{
	"Timing" :
	 {
		 "coprocess_fct" : 192.936097,
		 "mpi_reduce" : 10.600958,
		 "square for loop" : 87.889188,
		 "mpi_reduce2" : 10.463855,
		 "histogramm loop " : 0.000000,
		 "mpi_gather" : 0.000000,
		 "mpi_send" : 0.000000,
		 "mpi_gather2" : 0.000000,
		 "mpi_receive" : 0.000000,
		 "malloc" : 0.000000,
		 "gridfill()" : 83.973753,
		 "total" : 8030.266715,
		 " " : 0.000000
 	}
}
