{
	"Timing" :
	 {
		 "coprocess_fct" : 193.045942,
		 "mpi_reduce" : 10.636100,
		 "square for loop" : 87.933969,
		 "mpi_reduce2" : 10.382215,
		 "histogramm loop " : 0.000000,
		 "mpi_gather" : 0.000000,
		 "mpi_send" : 0.000000,
		 "mpi_gather2" : 0.000000,
		 "mpi_receive" : 0.000000,
		 "malloc" : 0.000000,
		 "gridfill()" : 84.085328,
		 "total" : 8030.087372,
		 " " : 0.000000
 	}
}
