{
	"Timing" :
	 {
		 "coprocess_fct" : 192.829711,
		 "mpi_reduce" : 10.671980,
		 "square for loop" : 87.777815,
		 "mpi_reduce2" : 10.476362,
		 "histogramm loop " : 0.000000,
		 "mpi_gather" : 0.000000,
		 "mpi_send" : 0.000000,
		 "mpi_gather2" : 0.000000,
		 "mpi_receive" : 0.000000,
		 "malloc" : 0.000000,
		 "gridfill()" : 83.895067,
		 "total" : 8030.494054,
		 " " : 0.000000
 	}
}
