{
	"Timing" :
	 {
		 "coprocess_fct" : 193.745973,
		 "mpi_reduce" : 10.826911,
		 "square for loop" : 87.930235,
		 "mpi_reduce2" : 10.657228,
		 "histogramm loop " : 0.000000,
		 "mpi_gather" : 0.000000,
		 "mpi_send" : 0.000000,
		 "mpi_gather2" : 0.000000,
		 "mpi_receive" : 0.000000,
		 "malloc" : 0.000000,
		 "gridfill()" : 84.322965,
		 "total" : 8039.540092,
		 " " : 0.000000
 	}
}
