{
	"Timing" :
	 {
		 "coprocess_fct" : 192.886129,
		 "mpi_reduce" : 10.721769,
		 "square for loop" : 87.770666,
		 "mpi_reduce2" : 10.422813,
		 "histogramm loop " : 0.000000,
		 "mpi_gather" : 0.000000,
		 "mpi_send" : 0.000000,
		 "mpi_gather2" : 0.000000,
		 "mpi_receive" : 0.000000,
		 "malloc" : 0.000000,
		 "gridfill()" : 83.962388,
		 "total" : 8030.265316,
		 " " : 0.000000
 	}
}
