{
	"Timing" :
	 {
		 "coprocess_fct" : 192.794667,
		 "mpi_reduce" : 10.775303,
		 "square for loop" : 87.723883,
		 "mpi_reduce2" : 10.488209,
		 "histogramm loop " : 0.000000,
		 "mpi_gather" : 0.000000,
		 "mpi_send" : 0.000000,
		 "mpi_gather2" : 0.000000,
		 "mpi_receive" : 0.000000,
		 "malloc" : 0.000000,
		 "gridfill()" : 83.798883,
		 "total" : 8029.960204,
		 " " : 0.000000
 	}
}
