{
	"Timing" :
	 {
		 "coprocess_fct" : 192.622072,
		 "mpi_reduce" : 10.591467,
		 "square for loop" : 87.681351,
		 "mpi_reduce2" : 10.375201,
		 "histogramm loop " : 0.000000,
		 "mpi_gather" : 0.000000,
		 "mpi_send" : 0.000000,
		 "mpi_gather2" : 0.000000,
		 "mpi_receive" : 0.000000,
		 "malloc" : 0.000000,
		 "gridfill()" : 83.965752,
		 "total" : 8030.229216,
		 " " : 0.000000
 	}
}
