{
	"Timing" :
	 {
		 "coprocess_fct" : 192.426741,
		 "mpi_reduce" : 10.446386,
		 "square for loop" : 87.720980,
		 "mpi_reduce2" : 10.295652,
		 "histogramm loop " : 0.000000,
		 "mpi_gather" : 0.000000,
		 "mpi_send" : 0.000000,
		 "mpi_gather2" : 0.000000,
		 "mpi_receive" : 0.000000,
		 "malloc" : 0.000000,
		 "gridfill()" : 83.955381,
		 "total" : 8030.150041,
		 " " : 0.000000
 	}
}
