{
	"Timing" :
	 {
		 "coprocess_fct" : 192.619792,
		 "mpi_reduce" : 10.532320,
		 "square for loop" : 87.761423,
		 "mpi_reduce2" : 10.396705,
		 "histogramm loop " : 0.000000,
		 "mpi_gather" : 0.000000,
		 "mpi_send" : 0.000000,
		 "mpi_gather2" : 0.000000,
		 "mpi_receive" : 0.000000,
		 "malloc" : 0.000000,
		 "gridfill()" : 83.920919,
		 "total" : 8030.199665,
		 " " : 0.000000
 	}
}
