{
	"Timing" :
	 {
		 "coprocess_fct" : 192.750572,
		 "mpi_reduce" : 10.659543,
		 "square for loop" : 87.805925,
		 "mpi_reduce2" : 10.391500,
		 "histogramm loop " : 0.000000,
		 "mpi_gather" : 0.000000,
		 "mpi_send" : 0.000000,
		 "mpi_gather2" : 0.000000,
		 "mpi_receive" : 0.000000,
		 "malloc" : 0.000000,
		 "gridfill()" : 83.885157,
		 "total" : 8029.958885,
		 " " : 0.000000
 	}
}
