{
	"Timing" :
	 {
		 "coprocess_fct" : 192.627471,
		 "mpi_reduce" : 10.518168,
		 "square for loop" : 87.788461,
		 "mpi_reduce2" : 10.328759,
		 "histogramm loop " : 0.000000,
		 "mpi_gather" : 0.000000,
		 "mpi_send" : 0.000000,
		 "mpi_gather2" : 0.000000,
		 "mpi_receive" : 0.000000,
		 "malloc" : 0.000000,
		 "gridfill()" : 83.983654,
		 "total" : 8029.892673,
		 " " : 0.000000
 	}
}
