{
	"Timing" :
	 {
		 "coprocess_fct" : 192.751646,
		 "mpi_reduce" : 10.540674,
		 "square for loop" : 87.790561,
		 "mpi_reduce2" : 10.320708,
		 "histogramm loop " : 0.000000,
		 "mpi_gather" : 0.000000,
		 "mpi_send" : 0.000000,
		 "mpi_gather2" : 0.000000,
		 "mpi_receive" : 0.000000,
		 "malloc" : 0.000000,
		 "gridfill()" : 84.091309,
		 "total" : 8030.183835,
		 " " : 0.000000
 	}
}
