{
	"Timing" :
	 {
		 "coprocess_fct" : 192.697373,
		 "mpi_reduce" : 10.750777,
		 "square for loop" : 87.701884,
		 "mpi_reduce2" : 10.485590,
		 "histogramm loop " : 0.000000,
		 "mpi_gather" : 0.000000,
		 "mpi_send" : 0.000000,
		 "mpi_gather2" : 0.000000,
		 "mpi_receive" : 0.000000,
		 "malloc" : 0.000000,
		 "gridfill()" : 83.750638,
		 "total" : 8030.052728,
		 " " : 0.000000
 	}
}
