{
	"Timing" :
	 {
		 "coprocess_fct" : 193.247918,
		 "mpi_reduce" : 10.711902,
		 "square for loop" : 87.842857,
		 "mpi_reduce2" : 10.438163,
		 "histogramm loop " : 0.000000,
		 "mpi_gather" : 0.000000,
		 "mpi_send" : 0.000000,
		 "mpi_gather2" : 0.000000,
		 "mpi_receive" : 0.000000,
		 "malloc" : 0.000000,
		 "gridfill()" : 84.246604,
		 "total" : 8030.263190,
		 " " : 0.000000
 	}
}
