{
	"Timing" :
	 {
		 "coprocess_fct" : 192.771667,
		 "mpi_reduce" : 10.540681,
		 "square for loop" : 87.872210,
		 "mpi_reduce2" : 10.376451,
		 "histogramm loop " : 0.000000,
		 "mpi_gather" : 0.000000,
		 "mpi_send" : 0.000000,
		 "mpi_gather2" : 0.000000,
		 "mpi_receive" : 0.000000,
		 "malloc" : 0.000000,
		 "gridfill()" : 83.974059,
		 "total" : 8029.927238,
		 " " : 0.000000
 	}
}
