{
	"Timing" :
	 {
		 "coprocess_fct" : 192.753929,
		 "mpi_reduce" : 10.639701,
		 "square for loop" : 87.648649,
		 "mpi_reduce2" : 10.386740,
		 "histogramm loop " : 0.000000,
		 "mpi_gather" : 0.000000,
		 "mpi_send" : 0.000000,
		 "mpi_gather2" : 0.000000,
		 "mpi_receive" : 0.000000,
		 "malloc" : 0.000000,
		 "gridfill()" : 84.070389,
		 "total" : 8030.177508,
		 " " : 0.000000
 	}
}
