{
	"Timing" :
	 {
		 "coprocess_fct" : 192.809179,
		 "mpi_reduce" : 10.632655,
		 "square for loop" : 87.811176,
		 "mpi_reduce2" : 10.469363,
		 "histogramm loop " : 0.000000,
		 "mpi_gather" : 0.000000,
		 "mpi_send" : 0.000000,
		 "mpi_gather2" : 0.000000,
		 "mpi_receive" : 0.000000,
		 "malloc" : 0.000000,
		 "gridfill()" : 83.887654,
		 "total" : 8030.349927,
		 " " : 0.000000
 	}
}
