{
	"Timing" :
	 {
		 "coprocess_fct" : 192.551302,
		 "mpi_reduce" : 10.520492,
		 "square for loop" : 87.701906,
		 "mpi_reduce2" : 10.406079,
		 "histogramm loop " : 0.000000,
		 "mpi_gather" : 0.000000,
		 "mpi_send" : 0.000000,
		 "mpi_gather2" : 0.000000,
		 "mpi_receive" : 0.000000,
		 "malloc" : 0.000000,
		 "gridfill()" : 83.914540,
		 "total" : 8030.191374,
		 " " : 0.000000
 	}
}
