{
	"Timing" :
	 {
		 "coprocess_fct" : 192.553331,
		 "mpi_reduce" : 10.659013,
		 "square for loop" : 87.658940,
		 "mpi_reduce2" : 10.413940,
		 "histogramm loop " : 0.000000,
		 "mpi_gather" : 0.000000,
		 "mpi_send" : 0.000000,
		 "mpi_gather2" : 0.000000,
		 "mpi_receive" : 0.000000,
		 "malloc" : 0.000000,
		 "gridfill()" : 83.813031,
		 "total" : 8030.099682,
		 " " : 0.000000
 	}
}
