{
	"Timing" :
	 {
		 "coprocess_fct" : 193.239517,
		 "mpi_reduce" : 10.712093,
		 "square for loop" : 87.815280,
		 "mpi_reduce2" : 10.553918,
		 "histogramm loop " : 0.000000,
		 "mpi_gather" : 0.000000,
		 "mpi_send" : 0.000000,
		 "mpi_gather2" : 0.000000,
		 "mpi_receive" : 0.000000,
		 "malloc" : 0.000000,
		 "gridfill()" : 84.149859,
		 "total" : 8030.032866,
		 " " : 0.000000
 	}
}
