{
	"Timing" :
	 {
		 "coprocess_fct" : 193.294219,
		 "mpi_reduce" : 10.607308,
		 "square for loop" : 87.926884,
		 "mpi_reduce2" : 10.449338,
		 "histogramm loop " : 0.000000,
		 "mpi_gather" : 0.000000,
		 "mpi_send" : 0.000000,
		 "mpi_gather2" : 0.000000,
		 "mpi_receive" : 0.000000,
		 "malloc" : 0.000000,
		 "gridfill()" : 84.302361,
		 "total" : 8030.489215,
		 " " : 0.000000
 	}
}
