{
	"Timing" :
	 {
		 "coprocess_fct" : 192.676866,
		 "mpi_reduce" : 10.448461,
		 "square for loop" : 87.731497,
		 "mpi_reduce2" : 10.336481,
		 "histogramm loop " : 0.000000,
		 "mpi_gather" : 0.000000,
		 "mpi_send" : 0.000000,
		 "mpi_gather2" : 0.000000,
		 "mpi_receive" : 0.000000,
		 "malloc" : 0.000000,
		 "gridfill()" : 84.152008,
		 "total" : 8030.064706,
		 " " : 0.000000
 	}
}
