{
	"Timing" :
	 {
		 "coprocess_fct" : 192.651983,
		 "mpi_reduce" : 10.510453,
		 "square for loop" : 87.741948,
		 "mpi_reduce2" : 10.494864,
		 "histogramm loop " : 0.000000,
		 "mpi_gather" : 0.000000,
		 "mpi_send" : 0.000000,
		 "mpi_gather2" : 0.000000,
		 "mpi_receive" : 0.000000,
		 "malloc" : 0.000000,
		 "gridfill()" : 83.896366,
		 "total" : 8030.274355,
		 " " : 0.000000
 	}
}
