{
	"Timing" :
	 {
		 "coprocess_fct" : 192.847663,
		 "mpi_reduce" : 10.515619,
		 "square for loop" : 87.805919,
		 "mpi_reduce2" : 10.487769,
		 "histogramm loop " : 0.000000,
		 "mpi_gather" : 0.000000,
		 "mpi_send" : 0.000000,
		 "mpi_gather2" : 0.000000,
		 "mpi_receive" : 0.000000,
		 "malloc" : 0.000000,
		 "gridfill()" : 84.030051,
		 "total" : 8030.148254,
		 " " : 0.000000
 	}
}
