{
	"Timing" :
	 {
		 "coprocess_fct" : 192.807026,
		 "mpi_reduce" : 10.595095,
		 "square for loop" : 87.756152,
		 "mpi_reduce2" : 10.354465,
		 "histogramm loop " : 0.000000,
		 "mpi_gather" : 0.000000,
		 "mpi_send" : 0.000000,
		 "mpi_gather2" : 0.000000,
		 "mpi_receive" : 0.000000,
		 "malloc" : 0.000000,
		 "gridfill()" : 84.092880,
		 "total" : 8030.239543,
		 " " : 0.000000
 	}
}
