{
	"Timing" :
	 {
		 "coprocess_fct" : 192.293719,
		 "mpi_reduce" : 10.447723,
		 "square for loop" : 87.642602,
		 "mpi_reduce2" : 10.384177,
		 "histogramm loop " : 0.000000,
		 "mpi_gather" : 0.000000,
		 "mpi_send" : 0.000000,
		 "mpi_gather2" : 0.000000,
		 "mpi_receive" : 0.000000,
		 "malloc" : 0.000000,
		 "gridfill()" : 83.810875,
		 "total" : 8030.123810,
		 " " : 0.000000
 	}
}
