{
	"Timing" :
	 {
		 "coprocess_fct" : 193.206729,
		 "mpi_reduce" : 10.651512,
		 "square for loop" : 87.767250,
		 "mpi_reduce2" : 10.386054,
		 "histogramm loop " : 0.000000,
		 "mpi_gather" : 0.000000,
		 "mpi_send" : 0.000000,
		 "mpi_gather2" : 0.000000,
		 "mpi_receive" : 0.000000,
		 "malloc" : 0.000000,
		 "gridfill()" : 84.393665,
		 "total" : 8030.077513,
		 " " : 0.000000
 	}
}
