{
	"Timing" :
	 {
		 "coprocess_fct" : 192.554245,
		 "mpi_reduce" : 10.553257,
		 "square for loop" : 87.738482,
		 "mpi_reduce2" : 10.389707,
		 "histogramm loop " : 0.000000,
		 "mpi_gather" : 0.000000,
		 "mpi_send" : 0.000000,
		 "mpi_gather2" : 0.000000,
		 "mpi_receive" : 0.000000,
		 "malloc" : 0.000000,
		 "gridfill()" : 83.864356,
		 "total" : 8029.959327,
		 " " : 0.000000
 	}
}
