{
	"Timing" :
	 {
		 "coprocess_fct" : 192.577995,
		 "mpi_reduce" : 10.379988,
		 "square for loop" : 87.845426,
		 "mpi_reduce2" : 10.414807,
		 "histogramm loop " : 0.000000,
		 "mpi_gather" : 0.000000,
		 "mpi_send" : 0.000000,
		 "mpi_gather2" : 0.000000,
		 "mpi_receive" : 0.000000,
		 "malloc" : 0.000000,
		 "gridfill()" : 83.929555,
		 "total" : 6799.285529,
		 " " : 0.000000
 	}
}
