{
	"Timing" :
	 {
		 "coprocess_fct" : 192.394064,
		 "mpi_reduce" : 10.399332,
		 "square for loop" : 87.701879,
		 "mpi_reduce2" : 10.378918,
		 "histogramm loop " : 0.000000,
		 "mpi_gather" : 0.000000,
		 "mpi_send" : 0.000000,
		 "mpi_gather2" : 0.000000,
		 "mpi_receive" : 0.000000,
		 "malloc" : 0.000000,
		 "gridfill()" : 83.905789,
		 "total" : 6799.293011,
		 " " : 0.000000
 	}
}
