{
	"Timing" :
	 {
		 "coprocess_fct" : 192.834700,
		 "mpi_reduce" : 10.428384,
		 "square for loop" : 87.852158,
		 "mpi_reduce2" : 10.362027,
		 "histogramm loop " : 0.000000,
		 "mpi_gather" : 0.000000,
		 "mpi_send" : 0.000000,
		 "mpi_gather2" : 0.000000,
		 "mpi_receive" : 0.000000,
		 "malloc" : 0.000000,
		 "gridfill()" : 84.184080,
		 "total" : 6808.776184,
		 " " : 0.000000
 	}
}
