{
	"Timing" :
	 {
		 "coprocess_fct" : 192.687548,
		 "mpi_reduce" : 10.327857,
		 "square for loop" : 87.839271,
		 "mpi_reduce2" : 10.450816,
		 "histogramm loop " : 0.000000,
		 "mpi_gather" : 0.000000,
		 "mpi_send" : 0.000000,
		 "mpi_gather2" : 0.000000,
		 "mpi_receive" : 0.000000,
		 "malloc" : 0.000000,
		 "gridfill()" : 84.061559,
		 "total" : 6799.286267,
		 " " : 0.000000
 	}
}
