{
	"Timing" :
	 {
		 "coprocess_fct" : 192.633740,
		 "mpi_reduce" : 10.344993,
		 "square for loop" : 87.842803,
		 "mpi_reduce2" : 10.379694,
		 "histogramm loop " : 0.000000,
		 "mpi_gather" : 0.000000,
		 "mpi_send" : 0.000000,
		 "mpi_gather2" : 0.000000,
		 "mpi_receive" : 0.000000,
		 "malloc" : 0.000000,
		 "gridfill()" : 84.058225,
		 "total" : 6799.466798,
		 " " : 0.000000
 	}
}
