{
	"Timing" :
	 {
		 "coprocess_fct" : 192.917053,
		 "mpi_reduce" : 10.497999,
		 "square for loop" : 87.821995,
		 "mpi_reduce2" : 10.478703,
		 "histogramm loop " : 0.000000,
		 "mpi_gather" : 0.000000,
		 "mpi_send" : 0.000000,
		 "mpi_gather2" : 0.000000,
		 "mpi_receive" : 0.000000,
		 "malloc" : 0.000000,
		 "gridfill()" : 84.110055,
		 "total" : 6799.427468,
		 " " : 0.000000
 	}
}
