{
	"Timing" :
	 {
		 "coprocess_fct" : 192.502890,
		 "mpi_reduce" : 10.522923,
		 "square for loop" : 87.769708,
		 "mpi_reduce2" : 10.312744,
		 "histogramm loop " : 0.000000,
		 "mpi_gather" : 0.000000,
		 "mpi_send" : 0.000000,
		 "mpi_gather2" : 0.000000,
		 "mpi_receive" : 0.000000,
		 "malloc" : 0.000000,
		 "gridfill()" : 83.889329,
		 "total" : 6799.419708,
		 " " : 0.000000
 	}
}
