{
	"Timing" :
	 {
		 "coprocess_fct" : 193.072255,
		 "mpi_reduce" : 10.677656,
		 "square for loop" : 87.867360,
		 "mpi_reduce2" : 10.398717,
		 "histogramm loop " : 0.000000,
		 "mpi_gather" : 0.000000,
		 "mpi_send" : 0.000000,
		 "mpi_gather2" : 0.000000,
		 "mpi_receive" : 0.000000,
		 "malloc" : 0.000000,
		 "gridfill()" : 84.120087,
		 "total" : 8278.600176,
		 " " : 0.000000
 	}
}
