{
	"Timing" :
	 {
		 "coprocess_fct" : 193.250503,
		 "mpi_reduce" : 10.406155,
		 "square for loop" : 87.783857,
		 "mpi_reduce2" : 10.350564,
		 "histogramm loop " : 0.000000,
		 "mpi_gather" : 0.000000,
		 "mpi_send" : 0.000000,
		 "mpi_gather2" : 0.000000,
		 "mpi_receive" : 0.000000,
		 "malloc" : 0.000000,
		 "gridfill()" : 84.701581,
		 "total" : 8276.945505,
		 " " : 0.000000
 	}
}
