{
	"Timing" :
	 {
		 "coprocess_fct" : 193.100309,
		 "mpi_reduce" : 10.609698,
		 "square for loop" : 87.836143,
		 "mpi_reduce2" : 10.336261,
		 "histogramm loop " : 0.000000,
		 "mpi_gather" : 0.000000,
		 "mpi_send" : 0.000000,
		 "mpi_gather2" : 0.000000,
		 "mpi_receive" : 0.000000,
		 "malloc" : 0.000000,
		 "gridfill()" : 84.310426,
		 "total" : 8276.991095,
		 " " : 0.000000
 	}
}
