{
	"Timing" :
	 {
		 "coprocess_fct" : 192.846262,
		 "mpi_reduce" : 10.780933,
		 "square for loop" : 87.785212,
		 "mpi_reduce2" : 10.373356,
		 "histogramm loop " : 0.000000,
		 "mpi_gather" : 0.000000,
		 "mpi_send" : 0.000000,
		 "mpi_gather2" : 0.000000,
		 "mpi_receive" : 0.000000,
		 "malloc" : 0.000000,
		 "gridfill()" : 83.898306,
		 "total" : 8276.949286,
		 " " : 0.000000
 	}
}
