{
	"Timing" :
	 {
		 "coprocess_fct" : 193.630220,
		 "mpi_reduce" : 10.998008,
		 "square for loop" : 87.861726,
		 "mpi_reduce2" : 10.381164,
		 "histogramm loop " : 0.000000,
		 "mpi_gather" : 0.000000,
		 "mpi_send" : 0.000000,
		 "mpi_gather2" : 0.000000,
		 "mpi_receive" : 0.000000,
		 "malloc" : 0.000000,
		 "gridfill()" : 84.380899,
		 "total" : 8279.466264,
		 " " : 0.000000
 	}
}
