{
	"Timing" :
	 {
		 "coprocess_fct" : 193.220628,
		 "mpi_reduce" : 10.874755,
		 "square for loop" : 87.876894,
		 "mpi_reduce2" : 10.483283,
		 "histogramm loop " : 0.000000,
		 "mpi_gather" : 0.000000,
		 "mpi_send" : 0.000000,
		 "mpi_gather2" : 0.000000,
		 "mpi_receive" : 0.000000,
		 "malloc" : 0.000000,
		 "gridfill()" : 83.977165,
		 "total" : 8278.232380,
		 " " : 0.000000
 	}
}
