{
	"Timing" :
	 {
		 "coprocess_fct" : 193.623187,
		 "mpi_reduce" : 10.583770,
		 "square for loop" : 87.838945,
		 "mpi_reduce2" : 10.653050,
		 "histogramm loop " : 0.000000,
		 "mpi_gather" : 0.000000,
		 "mpi_send" : 0.000000,
		 "mpi_gather2" : 0.000000,
		 "mpi_receive" : 0.000000,
		 "malloc" : 0.000000,
		 "gridfill()" : 84.539064,
		 "total" : 8278.131823,
		 " " : 0.000000
 	}
}
