{
	"Timing" :
	 {
		 "coprocess_fct" : 193.770475,
		 "mpi_reduce" : 10.789322,
		 "square for loop" : 87.882762,
		 "mpi_reduce2" : 10.524487,
		 "histogramm loop " : 0.000000,
		 "mpi_gather" : 0.000000,
		 "mpi_send" : 0.000000,
		 "mpi_gather2" : 0.000000,
		 "mpi_receive" : 0.000000,
		 "malloc" : 0.000000,
		 "gridfill()" : 84.565447,
		 "total" : 8278.157194,
		 " " : 0.000000
 	}
}
