{
	"Timing" :
	 {
		 "coprocess_fct" : 192.721132,
		 "mpi_reduce" : 10.294350,
		 "square for loop" : 87.867490,
		 "mpi_reduce2" : 10.387111,
		 "histogramm loop " : 0.000000,
		 "mpi_gather" : 0.000000,
		 "mpi_send" : 0.000000,
		 "mpi_gather2" : 0.000000,
		 "mpi_receive" : 0.000000,
		 "malloc" : 0.000000,
		 "gridfill()" : 84.164343,
		 "total" : 8277.424395,
		 " " : 0.000000
 	}
}
