{
	"Timing" :
	 {
		 "coprocess_fct" : 192.791391,
		 "mpi_reduce" : 10.829996,
		 "square for loop" : 87.707081,
		 "mpi_reduce2" : 10.374106,
		 "histogramm loop " : 0.000000,
		 "mpi_gather" : 0.000000,
		 "mpi_send" : 0.000000,
		 "mpi_gather2" : 0.000000,
		 "mpi_receive" : 0.000000,
		 "malloc" : 0.000000,
		 "gridfill()" : 83.871655,
		 "total" : 8276.567235,
		 " " : 0.000000
 	}
}
