{
	"Timing" :
	 {
		 "coprocess_fct" : 193.578841,
		 "mpi_reduce" : 10.680651,
		 "square for loop" : 87.851114,
		 "mpi_reduce2" : 10.468138,
		 "histogramm loop " : 0.000000,
		 "mpi_gather" : 0.000000,
		 "mpi_send" : 0.000000,
		 "mpi_gather2" : 0.000000,
		 "mpi_receive" : 0.000000,
		 "malloc" : 0.000000,
		 "gridfill()" : 84.570443,
		 "total" : 8277.902853,
		 " " : 0.000000
 	}
}
