{
	"Timing" :
	 {
		 "coprocess_fct" : 194.146843,
		 "mpi_reduce" : 10.897194,
		 "square for loop" : 87.944823,
		 "mpi_reduce2" : 10.361130,
		 "histogramm loop " : 0.000000,
		 "mpi_gather" : 0.000000,
		 "mpi_send" : 0.000000,
		 "mpi_gather2" : 0.000000,
		 "mpi_receive" : 0.000000,
		 "malloc" : 0.000000,
		 "gridfill()" : 84.935342,
		 "total" : 8279.459108,
		 " " : 0.000000
 	}
}
