{
	"Timing" :
	 {
		 "coprocess_fct" : 193.661801,
		 "mpi_reduce" : 10.764951,
		 "square for loop" : 87.849303,
		 "mpi_reduce2" : 10.477835,
		 "histogramm loop " : 0.000000,
		 "mpi_gather" : 0.000000,
		 "mpi_send" : 0.000000,
		 "mpi_gather2" : 0.000000,
		 "mpi_receive" : 0.000000,
		 "malloc" : 0.000000,
		 "gridfill()" : 84.561288,
		 "total" : 8278.055571,
		 " " : 0.000000
 	}
}
