{
	"Timing" :
	 {
		 "coprocess_fct" : 193.806557,
		 "mpi_reduce" : 10.887131,
		 "square for loop" : 87.931006,
		 "mpi_reduce2" : 10.563754,
		 "histogramm loop " : 0.000000,
		 "mpi_gather" : 0.000000,
		 "mpi_send" : 0.000000,
		 "mpi_gather2" : 0.000000,
		 "mpi_receive" : 0.000000,
		 "malloc" : 0.000000,
		 "gridfill()" : 84.416326,
		 "total" : 8276.615601,
		 " " : 0.000000
 	}
}
