{
	"Timing" :
	 {
		 "coprocess_fct" : 193.447984,
		 "mpi_reduce" : 10.733910,
		 "square for loop" : 87.797395,
		 "mpi_reduce2" : 10.397309,
		 "histogramm loop " : 0.000000,
		 "mpi_gather" : 0.000000,
		 "mpi_send" : 0.000000,
		 "mpi_gather2" : 0.000000,
		 "mpi_receive" : 0.000000,
		 "malloc" : 0.000000,
		 "gridfill()" : 84.510838,
		 "total" : 8277.696316,
		 " " : 0.000000
 	}
}
