{
	"Timing" :
	 {
		 "coprocess_fct" : 193.235458,
		 "mpi_reduce" : 10.557530,
		 "square for loop" : 87.830801,
		 "mpi_reduce2" : 10.412396,
		 "histogramm loop " : 0.000000,
		 "mpi_gather" : 0.000000,
		 "mpi_send" : 0.000000,
		 "mpi_gather2" : 0.000000,
		 "mpi_receive" : 0.000000,
		 "malloc" : 0.000000,
		 "gridfill()" : 84.426368,
		 "total" : 8278.298494,
		 " " : 0.000000
 	}
}
