{
	"Timing" :
	 {
		 "coprocess_fct" : 193.539559,
		 "mpi_reduce" : 10.623332,
		 "square for loop" : 87.733525,
		 "mpi_reduce2" : 10.360592,
		 "histogramm loop " : 0.000000,
		 "mpi_gather" : 0.000000,
		 "mpi_send" : 0.000000,
		 "mpi_gather2" : 0.000000,
		 "mpi_receive" : 0.000000,
		 "malloc" : 0.000000,
		 "gridfill()" : 84.813603,
		 "total" : 8277.327832,
		 " " : 0.000000
 	}
}
