{
	"Timing" :
	 {
		 "coprocess_fct" : 193.623679,
		 "mpi_reduce" : 10.845351,
		 "square for loop" : 87.874802,
		 "mpi_reduce2" : 10.370146,
		 "histogramm loop " : 0.000000,
		 "mpi_gather" : 0.000000,
		 "mpi_send" : 0.000000,
		 "mpi_gather2" : 0.000000,
		 "mpi_receive" : 0.000000,
		 "malloc" : 0.000000,
		 "gridfill()" : 84.524914,
		 "total" : 8276.962537,
		 " " : 0.000000
 	}
}
