{
	"Timing" :
	 {
		 "coprocess_fct" : 193.716316,
		 "mpi_reduce" : 10.894942,
		 "square for loop" : 87.969462,
		 "mpi_reduce2" : 10.408157,
		 "histogramm loop " : 0.000000,
		 "mpi_gather" : 0.000000,
		 "mpi_send" : 0.000000,
		 "mpi_gather2" : 0.000000,
		 "mpi_receive" : 0.000000,
		 "malloc" : 0.000000,
		 "gridfill()" : 84.435220,
		 "total" : 8276.579445,
		 " " : 0.000000
 	}
}
