{
	"Timing" :
	 {
		 "coprocess_fct" : 193.036160,
		 "mpi_reduce" : 10.663107,
		 "square for loop" : 87.862185,
		 "mpi_reduce2" : 10.471348,
		 "histogramm loop " : 0.000000,
		 "mpi_gather" : 0.000000,
		 "mpi_send" : 0.000000,
		 "mpi_gather2" : 0.000000,
		 "mpi_receive" : 0.000000,
		 "malloc" : 0.000000,
		 "gridfill()" : 84.031030,
		 "total" : 8278.620030,
		 " " : 0.000000
 	}
}
