{
	"Timing" :
	 {
		 "coprocess_fct" : 193.460941,
		 "mpi_reduce" : 11.162078,
		 "square for loop" : 87.859164,
		 "mpi_reduce2" : 10.564977,
		 "histogramm loop " : 0.000000,
		 "mpi_gather" : 0.000000,
		 "mpi_send" : 0.000000,
		 "mpi_gather2" : 0.000000,
		 "mpi_receive" : 0.000000,
		 "malloc" : 0.000000,
		 "gridfill()" : 83.866338,
		 "total" : 8276.720301,
		 " " : 0.000000
 	}
}
