{
	"Timing" :
	 {
		 "coprocess_fct" : 193.569958,
		 "mpi_reduce" : 10.881442,
		 "square for loop" : 87.862236,
		 "mpi_reduce2" : 10.445424,
		 "histogramm loop " : 0.000000,
		 "mpi_gather" : 0.000000,
		 "mpi_send" : 0.000000,
		 "mpi_gather2" : 0.000000,
		 "mpi_receive" : 0.000000,
		 "malloc" : 0.000000,
		 "gridfill()" : 84.372370,
		 "total" : 8278.408744,
		 " " : 0.000000
 	}
}
