{
	"Timing" :
	 {
		 "coprocess_fct" : 193.796063,
		 "mpi_reduce" : 10.820418,
		 "square for loop" : 87.768156,
		 "mpi_reduce2" : 10.690513,
		 "histogramm loop " : 0.000000,
		 "mpi_gather" : 0.000000,
		 "mpi_send" : 0.000000,
		 "mpi_gather2" : 0.000000,
		 "mpi_receive" : 0.000000,
		 "malloc" : 0.000000,
		 "gridfill()" : 84.508556,
		 "total" : 8276.865633,
		 " " : 0.000000
 	}
}
