{
	"Timing" :
	 {
		 "coprocess_fct" : 193.629024,
		 "mpi_reduce" : 10.836385,
		 "square for loop" : 87.781160,
		 "mpi_reduce2" : 10.563403,
		 "histogramm loop " : 0.000000,
		 "mpi_gather" : 0.000000,
		 "mpi_send" : 0.000000,
		 "mpi_gather2" : 0.000000,
		 "mpi_receive" : 0.000000,
		 "malloc" : 0.000000,
		 "gridfill()" : 84.439602,
		 "total" : 8279.189761,
		 " " : 0.000000
 	}
}
