{
	"Timing" :
	 {
		 "coprocess_fct" : 193.517894,
		 "mpi_reduce" : 10.760097,
		 "square for loop" : 87.921370,
		 "mpi_reduce2" : 10.656382,
		 "histogramm loop " : 0.000000,
		 "mpi_gather" : 0.000000,
		 "mpi_send" : 0.000000,
		 "mpi_gather2" : 0.000000,
		 "mpi_receive" : 0.000000,
		 "malloc" : 0.000000,
		 "gridfill()" : 84.172031,
		 "total" : 8278.586280,
		 " " : 0.000000
 	}
}
