{
	"Timing" :
	 {
		 "coprocess_fct" : 193.639359,
		 "mpi_reduce" : 10.684036,
		 "square for loop" : 87.797585,
		 "mpi_reduce2" : 10.575828,
		 "histogramm loop " : 0.000000,
		 "mpi_gather" : 0.000000,
		 "mpi_send" : 0.000000,
		 "mpi_gather2" : 0.000000,
		 "mpi_receive" : 0.000000,
		 "malloc" : 0.000000,
		 "gridfill()" : 84.573429,
		 "total" : 8276.897941,
		 " " : 0.000000
 	}
}
