{
	"Timing" :
	 {
		 "coprocess_fct" : 192.549026,
		 "mpi_reduce" : 10.522623,
		 "square for loop" : 87.742119,
		 "mpi_reduce2" : 10.354162,
		 "histogramm loop " : 0.000000,
		 "mpi_gather" : 0.000000,
		 "mpi_send" : 0.000000,
		 "mpi_gather2" : 0.000000,
		 "mpi_receive" : 0.000000,
		 "malloc" : 0.000000,
		 "gridfill()" : 83.921807,
		 "total" : 8278.332867,
		 " " : 0.000000
 	}
}
