{
	"Timing" :
	 {
		 "coprocess_fct" : 193.368509,
		 "mpi_reduce" : 10.979741,
		 "square for loop" : 87.918472,
		 "mpi_reduce2" : 10.511860,
		 "histogramm loop " : 0.000000,
		 "mpi_gather" : 0.000000,
		 "mpi_send" : 0.000000,
		 "mpi_gather2" : 0.000000,
		 "mpi_receive" : 0.000000,
		 "malloc" : 0.000000,
		 "gridfill()" : 83.949833,
		 "total" : 8276.371850,
		 " " : 0.000000
 	}
}
