{
	"Timing" :
	 {
		 "coprocess_fct" : 193.352530,
		 "mpi_reduce" : 10.776762,
		 "square for loop" : 87.836813,
		 "mpi_reduce2" : 10.412736,
		 "histogramm loop " : 0.000000,
		 "mpi_gather" : 0.000000,
		 "mpi_send" : 0.000000,
		 "mpi_gather2" : 0.000000,
		 "mpi_receive" : 0.000000,
		 "malloc" : 0.000000,
		 "gridfill()" : 84.317782,
		 "total" : 8279.073283,
		 " " : 0.000000
 	}
}
