{
	"Timing" :
	 {
		 "coprocess_fct" : 193.313645,
		 "mpi_reduce" : 10.646435,
		 "square for loop" : 87.686944,
		 "mpi_reduce2" : 10.510331,
		 "histogramm loop " : 0.000000,
		 "mpi_gather" : 0.000000,
		 "mpi_send" : 0.000000,
		 "mpi_gather2" : 0.000000,
		 "mpi_receive" : 0.000000,
		 "malloc" : 0.000000,
		 "gridfill()" : 84.461417,
		 "total" : 8276.871219,
		 " " : 0.000000
 	}
}
