{
	"Timing" :
	 {
		 "coprocess_fct" : 193.161507,
		 "mpi_reduce" : 10.687622,
		 "square for loop" : 87.747203,
		 "mpi_reduce2" : 10.610781,
		 "histogramm loop " : 0.000000,
		 "mpi_gather" : 0.000000,
		 "mpi_send" : 0.000000,
		 "mpi_gather2" : 0.000000,
		 "mpi_receive" : 0.000000,
		 "malloc" : 0.000000,
		 "gridfill()" : 84.107612,
		 "total" : 8278.563458,
		 " " : 0.000000
 	}
}
