{
	"Timing" :
	 {
		 "coprocess_fct" : 193.469639,
		 "mpi_reduce" : 10.811969,
		 "square for loop" : 87.843044,
		 "mpi_reduce2" : 10.404750,
		 "histogramm loop " : 0.000000,
		 "mpi_gather" : 0.000000,
		 "mpi_send" : 0.000000,
		 "mpi_gather2" : 0.000000,
		 "mpi_receive" : 0.000000,
		 "malloc" : 0.000000,
		 "gridfill()" : 84.401422,
		 "total" : 8278.228244,
		 " " : 0.000000
 	}
}
