{
	"Timing" :
	 {
		 "coprocess_fct" : 193.268588,
		 "mpi_reduce" : 10.707965,
		 "square for loop" : 87.756176,
		 "mpi_reduce2" : 10.505364,
		 "histogramm loop " : 0.000000,
		 "mpi_gather" : 0.000000,
		 "mpi_send" : 0.000000,
		 "mpi_gather2" : 0.000000,
		 "mpi_receive" : 0.000000,
		 "malloc" : 0.000000,
		 "gridfill()" : 84.290767,
		 "total" : 8278.033292,
		 " " : 0.000000
 	}
}
