{
	"Timing" :
	 {
		 "coprocess_fct" : 193.268761,
		 "mpi_reduce" : 10.697787,
		 "square for loop" : 87.864691,
		 "mpi_reduce2" : 10.408181,
		 "histogramm loop " : 0.000000,
		 "mpi_gather" : 0.000000,
		 "mpi_send" : 0.000000,
		 "mpi_gather2" : 0.000000,
		 "mpi_receive" : 0.000000,
		 "malloc" : 0.000000,
		 "gridfill()" : 84.289608,
		 "total" : 8278.318588,
		 " " : 0.000000
 	}
}
