{
	"Timing" :
	 {
		 "coprocess_fct" : 193.772451,
		 "mpi_reduce" : 10.931824,
		 "square for loop" : 88.017324,
		 "mpi_reduce2" : 10.377721,
		 "histogramm loop " : 0.000000,
		 "mpi_gather" : 0.000000,
		 "mpi_send" : 0.000000,
		 "mpi_gather2" : 0.000000,
		 "mpi_receive" : 0.000000,
		 "malloc" : 0.000000,
		 "gridfill()" : 84.437213,
		 "total" : 8278.720910,
		 " " : 0.000000
 	}
}
