{
	"Timing" :
	 {
		 "coprocess_fct" : 193.032052,
		 "mpi_reduce" : 10.825238,
		 "square for loop" : 87.907764,
		 "mpi_reduce2" : 10.339662,
		 "histogramm loop " : 0.000000,
		 "mpi_gather" : 0.000000,
		 "mpi_send" : 0.000000,
		 "mpi_gather2" : 0.000000,
		 "mpi_receive" : 0.000000,
		 "malloc" : 0.000000,
		 "gridfill()" : 83.950967,
		 "total" : 8276.614001,
		 " " : 0.000000
 	}
}
