{
	"Timing" :
	 {
		 "coprocess_fct" : 193.549520,
		 "mpi_reduce" : 10.955731,
		 "square for loop" : 87.750813,
		 "mpi_reduce2" : 10.329503,
		 "histogramm loop " : 0.000000,
		 "mpi_gather" : 0.000000,
		 "mpi_send" : 0.000000,
		 "mpi_gather2" : 0.000000,
		 "mpi_receive" : 0.000000,
		 "malloc" : 0.000000,
		 "gridfill()" : 84.505004,
		 "total" : 8277.538213,
		 " " : 0.000000
 	}
}
