{
	"Timing" :
	 {
		 "coprocess_fct" : 193.448964,
		 "mpi_reduce" : 10.838767,
		 "square for loop" : 87.985018,
		 "mpi_reduce2" : 10.475935,
		 "histogramm loop " : 0.000000,
		 "mpi_gather" : 0.000000,
		 "mpi_send" : 0.000000,
		 "mpi_gather2" : 0.000000,
		 "mpi_receive" : 0.000000,
		 "malloc" : 0.000000,
		 "gridfill()" : 84.140870,
		 "total" : 8277.955115,
		 " " : 0.000000
 	}
}
