{
	"Timing" :
	 {
		 "coprocess_fct" : 192.674306,
		 "mpi_reduce" : 10.326014,
		 "square for loop" : 87.808638,
		 "mpi_reduce2" : 10.484462,
		 "histogramm loop " : 0.000000,
		 "mpi_gather" : 0.000000,
		 "mpi_send" : 0.000000,
		 "mpi_gather2" : 0.000000,
		 "mpi_receive" : 0.000000,
		 "malloc" : 0.000000,
		 "gridfill()" : 84.047698,
		 "total" : 8276.844615,
		 " " : 0.000000
 	}
}
