{
	"Timing" :
	 {
		 "coprocess_fct" : 193.038113,
		 "mpi_reduce" : 10.760664,
		 "square for loop" : 87.787530,
		 "mpi_reduce2" : 10.490921,
		 "histogramm loop " : 0.000000,
		 "mpi_gather" : 0.000000,
		 "mpi_send" : 0.000000,
		 "mpi_gather2" : 0.000000,
		 "mpi_receive" : 0.000000,
		 "malloc" : 0.000000,
		 "gridfill()" : 83.990539,
		 "total" : 8277.383451,
		 " " : 0.000000
 	}
}
