{
	"Timing" :
	 {
		 "coprocess_fct" : 193.423380,
		 "mpi_reduce" : 10.730529,
		 "square for loop" : 87.864218,
		 "mpi_reduce2" : 10.415372,
		 "histogramm loop " : 0.000000,
		 "mpi_gather" : 0.000000,
		 "mpi_send" : 0.000000,
		 "mpi_gather2" : 0.000000,
		 "mpi_receive" : 0.000000,
		 "malloc" : 0.000000,
		 "gridfill()" : 84.404809,
		 "total" : 8276.621306,
		 " " : 0.000000
 	}
}
