{
	"Timing" :
	 {
		 "coprocess_fct" : 193.211921,
		 "mpi_reduce" : 10.897119,
		 "square for loop" : 87.846946,
		 "mpi_reduce2" : 10.427608,
		 "histogramm loop " : 0.000000,
		 "mpi_gather" : 0.000000,
		 "mpi_send" : 0.000000,
		 "mpi_gather2" : 0.000000,
		 "mpi_receive" : 0.000000,
		 "malloc" : 0.000000,
		 "gridfill()" : 84.031776,
		 "total" : 8278.508677,
		 " " : 0.000000
 	}
}
