{
	"Timing" :
	 {
		 "coprocess_fct" : 193.728400,
		 "mpi_reduce" : 10.603696,
		 "square for loop" : 87.889543,
		 "mpi_reduce2" : 10.409421,
		 "histogramm loop " : 0.000000,
		 "mpi_gather" : 0.000000,
		 "mpi_send" : 0.000000,
		 "mpi_gather2" : 0.000000,
		 "mpi_receive" : 0.000000,
		 "malloc" : 0.000000,
		 "gridfill()" : 84.817281,
		 "total" : 8277.788888,
		 " " : 0.000000
 	}
}
