{
	"Timing" :
	 {
		 "coprocess_fct" : 193.385158,
		 "mpi_reduce" : 11.004651,
		 "square for loop" : 87.854820,
		 "mpi_reduce2" : 10.426530,
		 "histogramm loop " : 0.000000,
		 "mpi_gather" : 0.000000,
		 "mpi_send" : 0.000000,
		 "mpi_gather2" : 0.000000,
		 "mpi_receive" : 0.000000,
		 "malloc" : 0.000000,
		 "gridfill()" : 84.090511,
		 "total" : 8277.719609,
		 " " : 0.000000
 	}
}
