{
	"Timing" :
	 {
		 "coprocess_fct" : 193.953143,
		 "mpi_reduce" : 10.684863,
		 "square for loop" : 87.855569,
		 "mpi_reduce2" : 10.495912,
		 "histogramm loop " : 0.000000,
		 "mpi_gather" : 0.000000,
		 "mpi_send" : 0.000000,
		 "mpi_gather2" : 0.000000,
		 "mpi_receive" : 0.000000,
		 "malloc" : 0.000000,
		 "gridfill()" : 84.908332,
		 "total" : 8277.672756,
		 " " : 0.000000
 	}
}
