{
	"Timing" :
	 {
		 "coprocess_fct" : 193.602213,
		 "mpi_reduce" : 10.880464,
		 "square for loop" : 87.800588,
		 "mpi_reduce2" : 10.521873,
		 "histogramm loop " : 0.000000,
		 "mpi_gather" : 0.000000,
		 "mpi_send" : 0.000000,
		 "mpi_gather2" : 0.000000,
		 "mpi_receive" : 0.000000,
		 "malloc" : 0.000000,
		 "gridfill()" : 84.390909,
		 "total" : 8278.419027,
		 " " : 0.000000
 	}
}
