{
	"Timing" :
	 {
		 "coprocess_fct" : 193.704203,
		 "mpi_reduce" : 10.981752,
		 "square for loop" : 87.744470,
		 "mpi_reduce2" : 10.537822,
		 "histogramm loop " : 0.000000,
		 "mpi_gather" : 0.000000,
		 "mpi_send" : 0.000000,
		 "mpi_gather2" : 0.000000,
		 "mpi_receive" : 0.000000,
		 "malloc" : 0.000000,
		 "gridfill()" : 84.431788,
		 "total" : 8276.638970,
		 " " : 0.000000
 	}
}
