{
	"Timing" :
	 {
		 "coprocess_fct" : 193.181533,
		 "mpi_reduce" : 10.816856,
		 "square for loop" : 87.770788,
		 "mpi_reduce2" : 10.514424,
		 "histogramm loop " : 0.000000,
		 "mpi_gather" : 0.000000,
		 "mpi_send" : 0.000000,
		 "mpi_gather2" : 0.000000,
		 "mpi_receive" : 0.000000,
		 "malloc" : 0.000000,
		 "gridfill()" : 84.070923,
		 "total" : 8277.488643,
		 " " : 0.000000
 	}
}
