{
	"Timing" :
	 {
		 "coprocess_fct" : 192.876130,
		 "mpi_reduce" : 10.778439,
		 "square for loop" : 87.858406,
		 "mpi_reduce2" : 10.380978,
		 "histogramm loop " : 0.000000,
		 "mpi_gather" : 0.000000,
		 "mpi_send" : 0.000000,
		 "mpi_gather2" : 0.000000,
		 "mpi_receive" : 0.000000,
		 "malloc" : 0.000000,
		 "gridfill()" : 83.849736,
		 "total" : 8276.863911,
		 " " : 0.000000
 	}
}
