{
	"Timing" :
	 {
		 "coprocess_fct" : 193.445533,
		 "mpi_reduce" : 10.710124,
		 "square for loop" : 87.871080,
		 "mpi_reduce2" : 10.363925,
		 "histogramm loop " : 0.000000,
		 "mpi_gather" : 0.000000,
		 "mpi_send" : 0.000000,
		 "mpi_gather2" : 0.000000,
		 "mpi_receive" : 0.000000,
		 "malloc" : 0.000000,
		 "gridfill()" : 84.491999,
		 "total" : 8279.189090,
		 " " : 0.000000
 	}
}
