{
	"Timing" :
	 {
		 "coprocess_fct" : 192.808782,
		 "mpi_reduce" : 10.640381,
		 "square for loop" : 87.798952,
		 "mpi_reduce2" : 10.341645,
		 "histogramm loop " : 0.000000,
		 "mpi_gather" : 0.000000,
		 "mpi_send" : 0.000000,
		 "mpi_gather2" : 0.000000,
		 "mpi_receive" : 0.000000,
		 "malloc" : 0.000000,
		 "gridfill()" : 84.019497,
		 "total" : 8277.227859,
		 " " : 0.000000
 	}
}
