{
	"Timing" :
	 {
		 "coprocess_fct" : 193.087830,
		 "mpi_reduce" : 10.629482,
		 "square for loop" : 87.746561,
		 "mpi_reduce2" : 10.442379,
		 "histogramm loop " : 0.000000,
		 "mpi_gather" : 0.000000,
		 "mpi_send" : 0.000000,
		 "mpi_gather2" : 0.000000,
		 "mpi_receive" : 0.000000,
		 "malloc" : 0.000000,
		 "gridfill()" : 84.260844,
		 "total" : 8277.812505,
		 " " : 0.000000
 	}
}
