{
	"Timing" :
	 {
		 "coprocess_fct" : 193.236135,
		 "mpi_reduce" : 10.858817,
		 "square for loop" : 87.812621,
		 "mpi_reduce2" : 10.622436,
		 "histogramm loop " : 0.000000,
		 "mpi_gather" : 0.000000,
		 "mpi_send" : 0.000000,
		 "mpi_gather2" : 0.000000,
		 "mpi_receive" : 0.000000,
		 "malloc" : 0.000000,
		 "gridfill()" : 83.933794,
		 "total" : 8277.056170,
		 " " : 0.000000
 	}
}
