{
	"Timing" :
	 {
		 "coprocess_fct" : 194.079240,
		 "mpi_reduce" : 10.632050,
		 "square for loop" : 87.823505,
		 "mpi_reduce2" : 10.588394,
		 "histogramm loop " : 0.000000,
		 "mpi_gather" : 0.000000,
		 "mpi_send" : 0.000000,
		 "mpi_gather2" : 0.000000,
		 "mpi_receive" : 0.000000,
		 "malloc" : 0.000000,
		 "gridfill()" : 85.026770,
		 "total" : 8277.904462,
		 " " : 0.000000
 	}
}
