{
	"Timing" :
	 {
		 "coprocess_fct" : 193.529800,
		 "mpi_reduce" : 10.845358,
		 "square for loop" : 87.740918,
		 "mpi_reduce2" : 10.471658,
		 "histogramm loop " : 0.000000,
		 "mpi_gather" : 0.000000,
		 "mpi_send" : 0.000000,
		 "mpi_gather2" : 0.000000,
		 "mpi_receive" : 0.000000,
		 "malloc" : 0.000000,
		 "gridfill()" : 84.463377,
		 "total" : 8277.309591,
		 " " : 0.000000
 	}
}
