{
	"Timing" :
	 {
		 "coprocess_fct" : 193.405892,
		 "mpi_reduce" : 10.616071,
		 "square for loop" : 87.758165,
		 "mpi_reduce2" : 10.591208,
		 "histogramm loop " : 0.000000,
		 "mpi_gather" : 0.000000,
		 "mpi_send" : 0.000000,
		 "mpi_gather2" : 0.000000,
		 "mpi_receive" : 0.000000,
		 "malloc" : 0.000000,
		 "gridfill()" : 84.432030,
		 "total" : 8277.517621,
		 " " : 0.000000
 	}
}
