{
	"Timing" :
	 {
		 "coprocess_fct" : 192.577829,
		 "mpi_reduce" : 10.655643,
		 "square for loop" : 87.717105,
		 "mpi_reduce2" : 10.372721,
		 "histogramm loop " : 0.000000,
		 "mpi_gather" : 0.000000,
		 "mpi_send" : 0.000000,
		 "mpi_gather2" : 0.000000,
		 "mpi_receive" : 0.000000,
		 "malloc" : 0.000000,
		 "gridfill()" : 83.823903,
		 "total" : 8276.919196,
		 " " : 0.000000
 	}
}
