{
	"Timing" :
	 {
		 "coprocess_fct" : 193.842159,
		 "mpi_reduce" : 10.972026,
		 "square for loop" : 87.912083,
		 "mpi_reduce2" : 10.433077,
		 "histogramm loop " : 0.000000,
		 "mpi_gather" : 0.000000,
		 "mpi_send" : 0.000000,
		 "mpi_gather2" : 0.000000,
		 "mpi_receive" : 0.000000,
		 "malloc" : 0.000000,
		 "gridfill()" : 84.516487,
		 "total" : 8276.753019,
		 " " : 0.000000
 	}
}
