{
	"Timing" :
	 {
		 "coprocess_fct" : 193.437198,
		 "mpi_reduce" : 10.784634,
		 "square for loop" : 87.704008,
		 "mpi_reduce2" : 10.629723,
		 "histogramm loop " : 0.000000,
		 "mpi_gather" : 0.000000,
		 "mpi_send" : 0.000000,
		 "mpi_gather2" : 0.000000,
		 "mpi_receive" : 0.000000,
		 "malloc" : 0.000000,
		 "gridfill()" : 84.310352,
		 "total" : 8277.292959,
		 " " : 0.000000
 	}
}
