{
	"Timing" :
	 {
		 "coprocess_fct" : 193.288800,
		 "mpi_reduce" : 10.862028,
		 "square for loop" : 87.766772,
		 "mpi_reduce2" : 10.332867,
		 "histogramm loop " : 0.000000,
		 "mpi_gather" : 0.000000,
		 "mpi_send" : 0.000000,
		 "mpi_gather2" : 0.000000,
		 "mpi_receive" : 0.000000,
		 "malloc" : 0.000000,
		 "gridfill()" : 84.318634,
		 "total" : 8279.223984,
		 " " : 0.000000
 	}
}
