{
	"Timing" :
	 {
		 "coprocess_fct" : 193.364654,
		 "mpi_reduce" : 10.723584,
		 "square for loop" : 87.785844,
		 "mpi_reduce2" : 10.458997,
		 "histogramm loop " : 0.000000,
		 "mpi_gather" : 0.000000,
		 "mpi_send" : 0.000000,
		 "mpi_gather2" : 0.000000,
		 "mpi_receive" : 0.000000,
		 "malloc" : 0.000000,
		 "gridfill()" : 84.387718,
		 "total" : 8277.806968,
		 " " : 0.000000
 	}
}
