{
	"Timing" :
	 {
		 "coprocess_fct" : 193.698976,
		 "mpi_reduce" : 11.067323,
		 "square for loop" : 87.848563,
		 "mpi_reduce2" : 10.401673,
		 "histogramm loop " : 0.000000,
		 "mpi_gather" : 0.000000,
		 "mpi_send" : 0.000000,
		 "mpi_gather2" : 0.000000,
		 "mpi_receive" : 0.000000,
		 "malloc" : 0.000000,
		 "gridfill()" : 84.372938,
		 "total" : 8278.956507,
		 " " : 0.000000
 	}
}
