{
	"Timing" :
	 {
		 "coprocess_fct" : 193.506473,
		 "mpi_reduce" : 10.769457,
		 "square for loop" : 87.751398,
		 "mpi_reduce2" : 10.475324,
		 "histogramm loop " : 0.000000,
		 "mpi_gather" : 0.000000,
		 "mpi_send" : 0.000000,
		 "mpi_gather2" : 0.000000,
		 "mpi_receive" : 0.000000,
		 "malloc" : 0.000000,
		 "gridfill()" : 84.501822,
		 "total" : 8278.081481,
		 " " : 0.000000
 	}
}
