{
	"Timing" :
	 {
		 "coprocess_fct" : 192.605807,
		 "mpi_reduce" : 10.473370,
		 "square for loop" : 87.668321,
		 "mpi_reduce2" : 10.399290,
		 "histogramm loop " : 0.000000,
		 "mpi_gather" : 0.000000,
		 "mpi_send" : 0.000000,
		 "mpi_gather2" : 0.000000,
		 "mpi_receive" : 0.000000,
		 "malloc" : 0.000000,
		 "gridfill()" : 84.057008,
		 "total" : 8278.046623,
		 " " : 0.000000
 	}
}
