{
	"Timing" :
	 {
		 "coprocess_fct" : 193.424251,
		 "mpi_reduce" : 10.991811,
		 "square for loop" : 87.893112,
		 "mpi_reduce2" : 10.430789,
		 "histogramm loop " : 0.000000,
		 "mpi_gather" : 0.000000,
		 "mpi_send" : 0.000000,
		 "mpi_gather2" : 0.000000,
		 "mpi_receive" : 0.000000,
		 "malloc" : 0.000000,
		 "gridfill()" : 84.100103,
		 "total" : 8278.045857,
		 " " : 0.000000
 	}
}
