{
	"Timing" :
	 {
		 "coprocess_fct" : 193.158766,
		 "mpi_reduce" : 10.854656,
		 "square for loop" : 87.825985,
		 "mpi_reduce2" : 10.377388,
		 "histogramm loop " : 0.000000,
		 "mpi_gather" : 0.000000,
		 "mpi_send" : 0.000000,
		 "mpi_gather2" : 0.000000,
		 "mpi_receive" : 0.000000,
		 "malloc" : 0.000000,
		 "gridfill()" : 84.092379,
		 "total" : 8278.420133,
		 " " : 0.000000
 	}
}
