{
	"Timing" :
	 {
		 "coprocess_fct" : 192.663974,
		 "mpi_reduce" : 10.496043,
		 "square for loop" : 87.766870,
		 "mpi_reduce2" : 10.312529,
		 "histogramm loop " : 0.000000,
		 "mpi_gather" : 0.000000,
		 "mpi_send" : 0.000000,
		 "mpi_gather2" : 0.000000,
		 "mpi_receive" : 0.000000,
		 "malloc" : 0.000000,
		 "gridfill()" : 84.080227,
		 "total" : 8276.970731,
		 " " : 0.000000
 	}
}
