{
	"Timing" :
	 {
		 "coprocess_fct" : 193.471177,
		 "mpi_reduce" : 10.828480,
		 "square for loop" : 87.828963,
		 "mpi_reduce2" : 10.378892,
		 "histogramm loop " : 0.000000,
		 "mpi_gather" : 0.000000,
		 "mpi_send" : 0.000000,
		 "mpi_gather2" : 0.000000,
		 "mpi_receive" : 0.000000,
		 "malloc" : 0.000000,
		 "gridfill()" : 84.426309,
		 "total" : 8277.677823,
		 " " : 0.000000
 	}
}
