{
	"Timing" :
	 {
		 "coprocess_fct" : 193.446786,
		 "mpi_reduce" : 10.692612,
		 "square for loop" : 87.734969,
		 "mpi_reduce2" : 10.566237,
		 "histogramm loop " : 0.000000,
		 "mpi_gather" : 0.000000,
		 "mpi_send" : 0.000000,
		 "mpi_gather2" : 0.000000,
		 "mpi_receive" : 0.000000,
		 "malloc" : 0.000000,
		 "gridfill()" : 84.444525,
		 "total" : 8278.183432,
		 " " : 0.000000
 	}
}
