{
	"Timing" :
	 {
		 "coprocess_fct" : 192.908600,
		 "mpi_reduce" : 10.945891,
		 "square for loop" : 87.741961,
		 "mpi_reduce2" : 10.367514,
		 "histogramm loop " : 0.000000,
		 "mpi_gather" : 0.000000,
		 "mpi_send" : 0.000000,
		 "mpi_gather2" : 0.000000,
		 "mpi_receive" : 0.000000,
		 "malloc" : 0.000000,
		 "gridfill()" : 83.844784,
		 "total" : 8278.561965,
		 " " : 0.000000
 	}
}
