{
	"Timing" :
	 {
		 "coprocess_fct" : 193.739585,
		 "mpi_reduce" : 10.729095,
		 "square for loop" : 87.842310,
		 "mpi_reduce2" : 10.640453,
		 "histogramm loop " : 0.000000,
		 "mpi_gather" : 0.000000,
		 "mpi_send" : 0.000000,
		 "mpi_gather2" : 0.000000,
		 "mpi_receive" : 0.000000,
		 "malloc" : 0.000000,
		 "gridfill()" : 84.519260,
		 "total" : 8276.516953,
		 " " : 0.000000
 	}
}
