{
	"Timing" :
	 {
		 "coprocess_fct" : 192.853247,
		 "mpi_reduce" : 10.776303,
		 "square for loop" : 87.747118,
		 "mpi_reduce2" : 10.401280,
		 "histogramm loop " : 0.000000,
		 "mpi_gather" : 0.000000,
		 "mpi_send" : 0.000000,
		 "mpi_gather2" : 0.000000,
		 "mpi_receive" : 0.000000,
		 "malloc" : 0.000000,
		 "gridfill()" : 83.920047,
		 "total" : 8278.438081,
		 " " : 0.000000
 	}
}
