{
	"Timing" :
	 {
		 "coprocess_fct" : 193.145494,
		 "mpi_reduce" : 10.609867,
		 "square for loop" : 87.704548,
		 "mpi_reduce2" : 10.375563,
		 "histogramm loop " : 0.000000,
		 "mpi_gather" : 0.000000,
		 "mpi_send" : 0.000000,
		 "mpi_gather2" : 0.000000,
		 "mpi_receive" : 0.000000,
		 "malloc" : 0.000000,
		 "gridfill()" : 84.447310,
		 "total" : 8277.276287,
		 " " : 0.000000
 	}
}
