{
	"Timing" :
	 {
		 "coprocess_fct" : 192.859710,
		 "mpi_reduce" : 10.721700,
		 "square for loop" : 87.761965,
		 "mpi_reduce2" : 10.423160,
		 "histogramm loop " : 0.000000,
		 "mpi_gather" : 0.000000,
		 "mpi_send" : 0.000000,
		 "mpi_gather2" : 0.000000,
		 "mpi_receive" : 0.000000,
		 "malloc" : 0.000000,
		 "gridfill()" : 83.944454,
		 "total" : 8276.980147,
		 " " : 0.000000
 	}
}
