{
	"Timing" :
	 {
		 "coprocess_fct" : 194.011197,
		 "mpi_reduce" : 11.045677,
		 "square for loop" : 87.922878,
		 "mpi_reduce2" : 10.560950,
		 "histogramm loop " : 0.000000,
		 "mpi_gather" : 0.000000,
		 "mpi_send" : 0.000000,
		 "mpi_gather2" : 0.000000,
		 "mpi_receive" : 0.000000,
		 "malloc" : 0.000000,
		 "gridfill()" : 84.473227,
		 "total" : 8277.783795,
		 " " : 0.000000
 	}
}
