{
	"Timing" :
	 {
		 "coprocess_fct" : 193.025850,
		 "mpi_reduce" : 10.891834,
		 "square for loop" : 87.875306,
		 "mpi_reduce2" : 10.379108,
		 "histogramm loop " : 0.000000,
		 "mpi_gather" : 0.000000,
		 "mpi_send" : 0.000000,
		 "mpi_gather2" : 0.000000,
		 "mpi_receive" : 0.000000,
		 "malloc" : 0.000000,
		 "gridfill()" : 83.871220,
		 "total" : 8277.078117,
		 " " : 0.000000
 	}
}
