{
	"Timing" :
	 {
		 "coprocess_fct" : 193.642080,
		 "mpi_reduce" : 10.782709,
		 "square for loop" : 87.976634,
		 "mpi_reduce2" : 10.459093,
		 "histogramm loop " : 0.000000,
		 "mpi_gather" : 0.000000,
		 "mpi_send" : 0.000000,
		 "mpi_gather2" : 0.000000,
		 "mpi_receive" : 0.000000,
		 "malloc" : 0.000000,
		 "gridfill()" : 84.415146,
		 "total" : 8278.238557,
		 " " : 0.000000
 	}
}
