{
	"Timing" :
	 {
		 "coprocess_fct" : 193.728660,
		 "mpi_reduce" : 10.831677,
		 "square for loop" : 87.818526,
		 "mpi_reduce2" : 10.501778,
		 "histogramm loop " : 0.000000,
		 "mpi_gather" : 0.000000,
		 "mpi_send" : 0.000000,
		 "mpi_gather2" : 0.000000,
		 "mpi_receive" : 0.000000,
		 "malloc" : 0.000000,
		 "gridfill()" : 84.568265,
		 "total" : 8277.813324,
		 " " : 0.000000
 	}
}
