{
	"Timing" :
	 {
		 "coprocess_fct" : 193.456390,
		 "mpi_reduce" : 10.837214,
		 "square for loop" : 87.743707,
		 "mpi_reduce2" : 10.451578,
		 "histogramm loop " : 0.000000,
		 "mpi_gather" : 0.000000,
		 "mpi_send" : 0.000000,
		 "mpi_gather2" : 0.000000,
		 "mpi_receive" : 0.000000,
		 "malloc" : 0.000000,
		 "gridfill()" : 84.415469,
		 "total" : 8277.235654,
		 " " : 0.000000
 	}
}
