{
	"Timing" :
	 {
		 "coprocess_fct" : 193.747084,
		 "mpi_reduce" : 10.946099,
		 "square for loop" : 87.780067,
		 "mpi_reduce2" : 10.440335,
		 "histogramm loop " : 0.000000,
		 "mpi_gather" : 0.000000,
		 "mpi_send" : 0.000000,
		 "mpi_gather2" : 0.000000,
		 "mpi_receive" : 0.000000,
		 "malloc" : 0.000000,
		 "gridfill()" : 84.572157,
		 "total" : 8277.577729,
		 " " : 0.000000
 	}
}
