{
	"Timing" :
	 {
		 "coprocess_fct" : 192.747770,
		 "mpi_reduce" : 10.865427,
		 "square for loop" : 87.787303,
		 "mpi_reduce2" : 10.303903,
		 "histogramm loop " : 0.000000,
		 "mpi_gather" : 0.000000,
		 "mpi_send" : 0.000000,
		 "mpi_gather2" : 0.000000,
		 "mpi_receive" : 0.000000,
		 "malloc" : 0.000000,
		 "gridfill()" : 83.782680,
		 "total" : 8276.188843,
		 " " : 0.000000
 	}
}
