{
	"Timing" :
	 {
		 "coprocess_fct" : 193.286142,
		 "mpi_reduce" : 10.823271,
		 "square for loop" : 87.708558,
		 "mpi_reduce2" : 10.375953,
		 "histogramm loop " : 0.000000,
		 "mpi_gather" : 0.000000,
		 "mpi_send" : 0.000000,
		 "mpi_gather2" : 0.000000,
		 "mpi_receive" : 0.000000,
		 "malloc" : 0.000000,
		 "gridfill()" : 84.369872,
		 "total" : 8277.165395,
		 " " : 0.000000
 	}
}
