{
	"Timing" :
	 {
		 "coprocess_fct" : 193.660776,
		 "mpi_reduce" : 10.724986,
		 "square for loop" : 87.901104,
		 "mpi_reduce2" : 10.424860,
		 "histogramm loop " : 0.000000,
		 "mpi_gather" : 0.000000,
		 "mpi_send" : 0.000000,
		 "mpi_gather2" : 0.000000,
		 "mpi_receive" : 0.000000,
		 "malloc" : 0.000000,
		 "gridfill()" : 84.601315,
		 "total" : 8277.749046,
		 " " : 0.000000
 	}
}
