{
	"Timing" :
	 {
		 "coprocess_fct" : 193.549758,
		 "mpi_reduce" : 10.515213,
		 "square for loop" : 87.809455,
		 "mpi_reduce2" : 10.356293,
		 "histogramm loop " : 0.000000,
		 "mpi_gather" : 0.000000,
		 "mpi_send" : 0.000000,
		 "mpi_gather2" : 0.000000,
		 "mpi_receive" : 0.000000,
		 "malloc" : 0.000000,
		 "gridfill()" : 84.860754,
		 "total" : 8277.409173,
		 " " : 0.000000
 	}
}
