{
	"Timing" :
	 {
		 "coprocess_fct" : 193.297436,
		 "mpi_reduce" : 10.925390,
		 "square for loop" : 87.876333,
		 "mpi_reduce2" : 10.421737,
		 "histogramm loop " : 0.000000,
		 "mpi_gather" : 0.000000,
		 "mpi_send" : 0.000000,
		 "mpi_gather2" : 0.000000,
		 "mpi_receive" : 0.000000,
		 "malloc" : 0.000000,
		 "gridfill()" : 84.065535,
		 "total" : 8278.085246,
		 " " : 0.000000
 	}
}
