{
	"Timing" :
	 {
		 "coprocess_fct" : 193.638555,
		 "mpi_reduce" : 10.906256,
		 "square for loop" : 87.734371,
		 "mpi_reduce2" : 10.417092,
		 "histogramm loop " : 0.000000,
		 "mpi_gather" : 0.000000,
		 "mpi_send" : 0.000000,
		 "mpi_gather2" : 0.000000,
		 "mpi_receive" : 0.000000,
		 "malloc" : 0.000000,
		 "gridfill()" : 84.572343,
		 "total" : 8277.264035,
		 " " : 0.000000
 	}
}
