{
	"Timing" :
	 {
		 "coprocess_fct" : 193.214876,
		 "mpi_reduce" : 10.778595,
		 "square for loop" : 87.795470,
		 "mpi_reduce2" : 10.548201,
		 "histogramm loop " : 0.000000,
		 "mpi_gather" : 0.000000,
		 "mpi_send" : 0.000000,
		 "mpi_gather2" : 0.000000,
		 "mpi_receive" : 0.000000,
		 "malloc" : 0.000000,
		 "gridfill()" : 84.084105,
		 "total" : 8278.170852,
		 " " : 0.000000
 	}
}
