{
	"Timing" :
	 {
		 "coprocess_fct" : 193.712672,
		 "mpi_reduce" : 10.751318,
		 "square for loop" : 87.873361,
		 "mpi_reduce2" : 10.541995,
		 "histogramm loop " : 0.000000,
		 "mpi_gather" : 0.000000,
		 "mpi_send" : 0.000000,
		 "mpi_gather2" : 0.000000,
		 "mpi_receive" : 0.000000,
		 "malloc" : 0.000000,
		 "gridfill()" : 84.537479,
		 "total" : 8277.794253,
		 " " : 0.000000
 	}
}
