{
	"Timing" :
	 {
		 "coprocess_fct" : 193.208659,
		 "mpi_reduce" : 10.854374,
		 "square for loop" : 87.704418,
		 "mpi_reduce2" : 10.359521,
		 "histogramm loop " : 0.000000,
		 "mpi_gather" : 0.000000,
		 "mpi_send" : 0.000000,
		 "mpi_gather2" : 0.000000,
		 "mpi_receive" : 0.000000,
		 "malloc" : 0.000000,
		 "gridfill()" : 84.281835,
		 "total" : 8276.630565,
		 " " : 0.000000
 	}
}
