{
	"Timing" :
	 {
		 "coprocess_fct" : 193.329908,
		 "mpi_reduce" : 10.832477,
		 "square for loop" : 87.687458,
		 "mpi_reduce2" : 10.444968,
		 "histogramm loop " : 0.000000,
		 "mpi_gather" : 0.000000,
		 "mpi_send" : 0.000000,
		 "mpi_gather2" : 0.000000,
		 "mpi_receive" : 0.000000,
		 "malloc" : 0.000000,
		 "gridfill()" : 84.356468,
		 "total" : 8277.470279,
		 " " : 0.000000
 	}
}
