{
	"Timing" :
	 {
		 "coprocess_fct" : 193.472998,
		 "mpi_reduce" : 10.619667,
		 "square for loop" : 87.759548,
		 "mpi_reduce2" : 10.541207,
		 "histogramm loop " : 0.000000,
		 "mpi_gather" : 0.000000,
		 "mpi_send" : 0.000000,
		 "mpi_gather2" : 0.000000,
		 "mpi_receive" : 0.000000,
		 "malloc" : 0.000000,
		 "gridfill()" : 84.544204,
		 "total" : 8277.662380,
		 " " : 0.000000
 	}
}
