{
	"Timing" :
	 {
		 "coprocess_fct" : 193.716493,
		 "mpi_reduce" : 11.075639,
		 "square for loop" : 88.067383,
		 "mpi_reduce2" : 10.350529,
		 "histogramm loop " : 0.000000,
		 "mpi_gather" : 0.000000,
		 "mpi_send" : 0.000000,
		 "mpi_gather2" : 0.000000,
		 "mpi_receive" : 0.000000,
		 "malloc" : 0.000000,
		 "gridfill()" : 84.214417,
		 "total" : 8276.860949,
		 " " : 0.000000
 	}
}
