{
	"Timing" :
	 {
		 "coprocess_fct" : 193.644516,
		 "mpi_reduce" : 10.807882,
		 "square for loop" : 87.884907,
		 "mpi_reduce2" : 10.497262,
		 "histogramm loop " : 0.000000,
		 "mpi_gather" : 0.000000,
		 "mpi_send" : 0.000000,
		 "mpi_gather2" : 0.000000,
		 "mpi_receive" : 0.000000,
		 "malloc" : 0.000000,
		 "gridfill()" : 84.446068,
		 "total" : 8276.514610,
		 " " : 0.000000
 	}
}
