{
	"Timing" :
	 {
		 "coprocess_fct" : 193.059362,
		 "mpi_reduce" : 10.776187,
		 "square for loop" : 87.828613,
		 "mpi_reduce2" : 10.353403,
		 "histogramm loop " : 0.000000,
		 "mpi_gather" : 0.000000,
		 "mpi_send" : 0.000000,
		 "mpi_gather2" : 0.000000,
		 "mpi_receive" : 0.000000,
		 "malloc" : 0.000000,
		 "gridfill()" : 84.092670,
		 "total" : 8278.467309,
		 " " : 0.000000
 	}
}
