{
	"Timing" :
	 {
		 "coprocess_fct" : 193.524896,
		 "mpi_reduce" : 10.833567,
		 "square for loop" : 87.846309,
		 "mpi_reduce2" : 10.448635,
		 "histogramm loop " : 0.000000,
		 "mpi_gather" : 0.000000,
		 "mpi_send" : 0.000000,
		 "mpi_gather2" : 0.000000,
		 "mpi_receive" : 0.000000,
		 "malloc" : 0.000000,
		 "gridfill()" : 84.387963,
		 "total" : 8276.523000,
		 " " : 0.000000
 	}
}
