{
	"Timing" :
	 {
		 "coprocess_fct" : 193.386627,
		 "mpi_reduce" : 10.662530,
		 "square for loop" : 87.767712,
		 "mpi_reduce2" : 10.559420,
		 "histogramm loop " : 0.000000,
		 "mpi_gather" : 0.000000,
		 "mpi_send" : 0.000000,
		 "mpi_gather2" : 0.000000,
		 "mpi_receive" : 0.000000,
		 "malloc" : 0.000000,
		 "gridfill()" : 84.388481,
		 "total" : 8279.214569,
		 " " : 0.000000
 	}
}
