{
	"Timing" :
	 {
		 "coprocess_fct" : 193.307527,
		 "mpi_reduce" : 10.689462,
		 "square for loop" : 87.738811,
		 "mpi_reduce2" : 10.450028,
		 "histogramm loop " : 0.000000,
		 "mpi_gather" : 0.000000,
		 "mpi_send" : 0.000000,
		 "mpi_gather2" : 0.000000,
		 "mpi_receive" : 0.000000,
		 "malloc" : 0.000000,
		 "gridfill()" : 84.420808,
		 "total" : 8278.067639,
		 " " : 0.000000
 	}
}
