{
	"Timing" :
	 {
		 "coprocess_fct" : 193.429667,
		 "mpi_reduce" : 10.630435,
		 "square for loop" : 87.871342,
		 "mpi_reduce2" : 10.541451,
		 "histogramm loop " : 0.000000,
		 "mpi_gather" : 0.000000,
		 "mpi_send" : 0.000000,
		 "mpi_gather2" : 0.000000,
		 "mpi_receive" : 0.000000,
		 "malloc" : 0.000000,
		 "gridfill()" : 84.378067,
		 "total" : 8278.263910,
		 " " : 0.000000
 	}
}
