{
	"Timing" :
	 {
		 "coprocess_fct" : 193.653948,
		 "mpi_reduce" : 10.842915,
		 "square for loop" : 88.008913,
		 "mpi_reduce2" : 10.427709,
		 "histogramm loop " : 0.000000,
		 "mpi_gather" : 0.000000,
		 "mpi_send" : 0.000000,
		 "mpi_gather2" : 0.000000,
		 "mpi_receive" : 0.000000,
		 "malloc" : 0.000000,
		 "gridfill()" : 84.366005,
		 "total" : 8276.654217,
		 " " : 0.000000
 	}
}
