{
	"Timing" :
	 {
		 "coprocess_fct" : 193.532130,
		 "mpi_reduce" : 10.798133,
		 "square for loop" : 87.897232,
		 "mpi_reduce2" : 10.361474,
		 "histogramm loop " : 0.000000,
		 "mpi_gather" : 0.000000,
		 "mpi_send" : 0.000000,
		 "mpi_gather2" : 0.000000,
		 "mpi_receive" : 0.000000,
		 "malloc" : 0.000000,
		 "gridfill()" : 84.466923,
		 "total" : 8278.932724,
		 " " : 0.000000
 	}
}
