{
	"Timing" :
	 {
		 "coprocess_fct" : 193.411196,
		 "mpi_reduce" : 10.702912,
		 "square for loop" : 87.767500,
		 "mpi_reduce2" : 10.491002,
		 "histogramm loop " : 0.000000,
		 "mpi_gather" : 0.000000,
		 "mpi_send" : 0.000000,
		 "mpi_gather2" : 0.000000,
		 "mpi_receive" : 0.000000,
		 "malloc" : 0.000000,
		 "gridfill()" : 84.441259,
		 "total" : 8278.253981,
		 " " : 0.000000
 	}
}
