{
	"Timing" :
	 {
		 "coprocess_fct" : 193.754603,
		 "mpi_reduce" : 10.813189,
		 "square for loop" : 87.836012,
		 "mpi_reduce2" : 10.437204,
		 "histogramm loop " : 0.000000,
		 "mpi_gather" : 0.000000,
		 "mpi_send" : 0.000000,
		 "mpi_gather2" : 0.000000,
		 "mpi_receive" : 0.000000,
		 "malloc" : 0.000000,
		 "gridfill()" : 84.659788,
		 "total" : 8278.010150,
		 " " : 0.000000
 	}
}
