{
	"Timing" :
	 {
		 "coprocess_fct" : 193.755065,
		 "mpi_reduce" : 10.872475,
		 "square for loop" : 87.876027,
		 "mpi_reduce2" : 10.460861,
		 "histogramm loop " : 0.000000,
		 "mpi_gather" : 0.000000,
		 "mpi_send" : 0.000000,
		 "mpi_gather2" : 0.000000,
		 "mpi_receive" : 0.000000,
		 "malloc" : 0.000000,
		 "gridfill()" : 84.537274,
		 "total" : 8276.909815,
		 " " : 0.000000
 	}
}
