{
	"Timing" :
	 {
		 "coprocess_fct" : 193.277950,
		 "mpi_reduce" : 10.780996,
		 "square for loop" : 87.776961,
		 "mpi_reduce2" : 10.344385,
		 "histogramm loop " : 0.000000,
		 "mpi_gather" : 0.000000,
		 "mpi_send" : 0.000000,
		 "mpi_gather2" : 0.000000,
		 "mpi_receive" : 0.000000,
		 "malloc" : 0.000000,
		 "gridfill()" : 84.367175,
		 "total" : 8278.261997,
		 " " : 0.000000
 	}
}
