{
	"Timing" :
	 {
		 "coprocess_fct" : 193.337029,
		 "mpi_reduce" : 10.594483,
		 "square for loop" : 87.794527,
		 "mpi_reduce2" : 10.418479,
		 "histogramm loop " : 0.000000,
		 "mpi_gather" : 0.000000,
		 "mpi_send" : 0.000000,
		 "mpi_gather2" : 0.000000,
		 "mpi_receive" : 0.000000,
		 "malloc" : 0.000000,
		 "gridfill()" : 84.521086,
		 "total" : 8277.757298,
		 " " : 0.000000
 	}
}
