{
	"Timing" :
	 {
		 "coprocess_fct" : 193.637278,
		 "mpi_reduce" : 10.815228,
		 "square for loop" : 87.764065,
		 "mpi_reduce2" : 10.547213,
		 "histogramm loop " : 0.000000,
		 "mpi_gather" : 0.000000,
		 "mpi_send" : 0.000000,
		 "mpi_gather2" : 0.000000,
		 "mpi_receive" : 0.000000,
		 "malloc" : 0.000000,
		 "gridfill()" : 84.502274,
		 "total" : 8277.592534,
		 " " : 0.000000
 	}
}
