{
	"Timing" :
	 {
		 "coprocess_fct" : 193.285279,
		 "mpi_reduce" : 10.716175,
		 "square for loop" : 87.758600,
		 "mpi_reduce2" : 10.364451,
		 "histogramm loop " : 0.000000,
		 "mpi_gather" : 0.000000,
		 "mpi_send" : 0.000000,
		 "mpi_gather2" : 0.000000,
		 "mpi_receive" : 0.000000,
		 "malloc" : 0.000000,
		 "gridfill()" : 84.437490,
		 "total" : 8277.725919,
		 " " : 0.000000
 	}
}
