{
	"Timing" :
	 {
		 "coprocess_fct" : 192.688720,
		 "mpi_reduce" : 10.429358,
		 "square for loop" : 87.787423,
		 "mpi_reduce2" : 10.348387,
		 "histogramm loop " : 0.000000,
		 "mpi_gather" : 0.000000,
		 "mpi_send" : 0.000000,
		 "mpi_gather2" : 0.000000,
		 "mpi_receive" : 0.000000,
		 "malloc" : 0.000000,
		 "gridfill()" : 84.115442,
		 "total" : 8277.577829,
		 " " : 0.000000
 	}
}
