{
	"Timing" :
	 {
		 "coprocess_fct" : 193.425459,
		 "mpi_reduce" : 10.934750,
		 "square for loop" : 87.766609,
		 "mpi_reduce2" : 10.339672,
		 "histogramm loop " : 0.000000,
		 "mpi_gather" : 0.000000,
		 "mpi_send" : 0.000000,
		 "mpi_gather2" : 0.000000,
		 "mpi_receive" : 0.000000,
		 "malloc" : 0.000000,
		 "gridfill()" : 84.376021,
		 "total" : 8277.437398,
		 " " : 0.000000
 	}
}
