{
	"Timing" :
	 {
		 "coprocess_fct" : 192.926959,
		 "mpi_reduce" : 10.752619,
		 "square for loop" : 87.822695,
		 "mpi_reduce2" : 10.392431,
		 "histogramm loop " : 0.000000,
		 "mpi_gather" : 0.000000,
		 "mpi_send" : 0.000000,
		 "mpi_gather2" : 0.000000,
		 "mpi_receive" : 0.000000,
		 "malloc" : 0.000000,
		 "gridfill()" : 83.950639,
		 "total" : 8278.821134,
		 " " : 0.000000
 	}
}
