{
	"Timing" :
	 {
		 "coprocess_fct" : 193.543294,
		 "mpi_reduce" : 10.856727,
		 "square for loop" : 87.885904,
		 "mpi_reduce2" : 10.456052,
		 "histogramm loop " : 0.000000,
		 "mpi_gather" : 0.000000,
		 "mpi_send" : 0.000000,
		 "mpi_gather2" : 0.000000,
		 "mpi_receive" : 0.000000,
		 "malloc" : 0.000000,
		 "gridfill()" : 84.336197,
		 "total" : 8276.432011,
		 " " : 0.000000
 	}
}
