{
	"Timing" :
	 {
		 "coprocess_fct" : 193.287174,
		 "mpi_reduce" : 10.861256,
		 "square for loop" : 87.925977,
		 "mpi_reduce2" : 10.580388,
		 "histogramm loop " : 0.000000,
		 "mpi_gather" : 0.000000,
		 "mpi_send" : 0.000000,
		 "mpi_gather2" : 0.000000,
		 "mpi_receive" : 0.000000,
		 "malloc" : 0.000000,
		 "gridfill()" : 83.911158,
		 "total" : 8276.255412,
		 " " : 0.000000
 	}
}
