{
	"Timing" :
	 {
		 "coprocess_fct" : 192.842429,
		 "mpi_reduce" : 10.786755,
		 "square for loop" : 87.809205,
		 "mpi_reduce2" : 10.299374,
		 "histogramm loop " : 0.000000,
		 "mpi_gather" : 0.000000,
		 "mpi_send" : 0.000000,
		 "mpi_gather2" : 0.000000,
		 "mpi_receive" : 0.000000,
		 "malloc" : 0.000000,
		 "gridfill()" : 83.938608,
		 "total" : 8278.476542,
		 " " : 0.000000
 	}
}
