{
	"Timing" :
	 {
		 "coprocess_fct" : 193.138847,
		 "mpi_reduce" : 10.455281,
		 "square for loop" : 87.894726,
		 "mpi_reduce2" : 10.556440,
		 "histogramm loop " : 0.000000,
		 "mpi_gather" : 0.000000,
		 "mpi_send" : 0.000000,
		 "mpi_gather2" : 0.000000,
		 "mpi_receive" : 0.000000,
		 "malloc" : 0.000000,
		 "gridfill()" : 84.224381,
		 "total" : 8278.583428,
		 " " : 0.000000
 	}
}
