{
	"Timing" :
	 {
		 "coprocess_fct" : 193.026395,
		 "mpi_reduce" : 10.487275,
		 "square for loop" : 87.859108,
		 "mpi_reduce2" : 10.488567,
		 "histogramm loop " : 0.000000,
		 "mpi_gather" : 0.000000,
		 "mpi_send" : 0.000000,
		 "mpi_gather2" : 0.000000,
		 "mpi_receive" : 0.000000,
		 "malloc" : 0.000000,
		 "gridfill()" : 84.183456,
		 "total" : 8277.174914,
		 " " : 0.000000
 	}
}
