{
	"Timing" :
	 {
		 "coprocess_fct" : 193.601501,
		 "mpi_reduce" : 10.692677,
		 "square for loop" : 87.860715,
		 "mpi_reduce2" : 10.456667,
		 "histogramm loop " : 0.000000,
		 "mpi_gather" : 0.000000,
		 "mpi_send" : 0.000000,
		 "mpi_gather2" : 0.000000,
		 "mpi_receive" : 0.000000,
		 "malloc" : 0.000000,
		 "gridfill()" : 84.583241,
		 "total" : 8277.211173,
		 " " : 0.000000
 	}
}
