{
	"Timing" :
	 {
		 "coprocess_fct" : 192.562578,
		 "mpi_reduce" : 10.368719,
		 "square for loop" : 87.732120,
		 "mpi_reduce2" : 10.335912,
		 "histogramm loop " : 0.000000,
		 "mpi_gather" : 0.000000,
		 "mpi_send" : 0.000000,
		 "mpi_gather2" : 0.000000,
		 "mpi_receive" : 0.000000,
		 "malloc" : 0.000000,
		 "gridfill()" : 84.118182,
		 "total" : 8276.849827,
		 " " : 0.000000
 	}
}
