{
	"Timing" :
	 {
		 "coprocess_fct" : 193.100000,
		 "mpi_reduce" : 10.781226,
		 "square for loop" : 87.883902,
		 "mpi_reduce2" : 10.382537,
		 "histogramm loop " : 0.000000,
		 "mpi_gather" : 0.000000,
		 "mpi_send" : 0.000000,
		 "mpi_gather2" : 0.000000,
		 "mpi_receive" : 0.000000,
		 "malloc" : 0.000000,
		 "gridfill()" : 84.043836,
		 "total" : 8277.906240,
		 " " : 0.000000
 	}
}
