{
	"Timing" :
	 {
		 "coprocess_fct" : 193.033458,
		 "mpi_reduce" : 10.613547,
		 "square for loop" : 87.749300,
		 "mpi_reduce2" : 10.564931,
		 "histogramm loop " : 0.000000,
		 "mpi_gather" : 0.000000,
		 "mpi_send" : 0.000000,
		 "mpi_gather2" : 0.000000,
		 "mpi_receive" : 0.000000,
		 "malloc" : 0.000000,
		 "gridfill()" : 84.097316,
		 "total" : 8278.573969,
		 " " : 0.000000
 	}
}
