{
	"Timing" :
	 {
		 "coprocess_fct" : 192.593206,
		 "mpi_reduce" : 10.353028,
		 "square for loop" : 87.764828,
		 "mpi_reduce2" : 10.480833,
		 "histogramm loop " : 0.000000,
		 "mpi_gather" : 0.000000,
		 "mpi_send" : 0.000000,
		 "mpi_gather2" : 0.000000,
		 "mpi_receive" : 0.000000,
		 "malloc" : 0.000000,
		 "gridfill()" : 83.986541,
		 "total" : 8277.847151,
		 " " : 0.000000
 	}
}
