{
	"Timing" :
	 {
		 "coprocess_fct" : 192.792274,
		 "mpi_reduce" : 10.762687,
		 "square for loop" : 87.716442,
		 "mpi_reduce2" : 10.480602,
		 "histogramm loop " : 0.000000,
		 "mpi_gather" : 0.000000,
		 "mpi_send" : 0.000000,
		 "mpi_gather2" : 0.000000,
		 "mpi_receive" : 0.000000,
		 "malloc" : 0.000000,
		 "gridfill()" : 83.824130,
		 "total" : 8276.556621,
		 " " : 0.000000
 	}
}
