{
	"Timing" :
	 {
		 "coprocess_fct" : 193.641274,
		 "mpi_reduce" : 10.810347,
		 "square for loop" : 87.847327,
		 "mpi_reduce2" : 10.458165,
		 "histogramm loop " : 0.000000,
		 "mpi_gather" : 0.000000,
		 "mpi_send" : 0.000000,
		 "mpi_gather2" : 0.000000,
		 "mpi_receive" : 0.000000,
		 "malloc" : 0.000000,
		 "gridfill()" : 84.516764,
		 "total" : 8277.234139,
		 " " : 0.000000
 	}
}
