{
	"Timing" :
	 {
		 "coprocess_fct" : 194.153976,
		 "mpi_reduce" : 11.167785,
		 "square for loop" : 87.866232,
		 "mpi_reduce2" : 10.487318,
		 "histogramm loop " : 0.000000,
		 "mpi_gather" : 0.000000,
		 "mpi_send" : 0.000000,
		 "mpi_gather2" : 0.000000,
		 "mpi_receive" : 0.000000,
		 "malloc" : 0.000000,
		 "gridfill()" : 84.624148,
		 "total" : 8276.787368,
		 " " : 0.000000
 	}
}
