{
	"Timing" :
	 {
		 "coprocess_fct" : 192.727546,
		 "mpi_reduce" : 10.567643,
		 "square for loop" : 87.876732,
		 "mpi_reduce2" : 10.361168,
		 "histogramm loop " : 0.000000,
		 "mpi_gather" : 0.000000,
		 "mpi_send" : 0.000000,
		 "mpi_gather2" : 0.000000,
		 "mpi_receive" : 0.000000,
		 "malloc" : 0.000000,
		 "gridfill()" : 83.913533,
		 "total" : 8278.287933,
		 " " : 0.000000
 	}
}
