{
	"Timing" :
	 {
		 "coprocess_fct" : 192.617723,
		 "mpi_reduce" : 10.388470,
		 "square for loop" : 87.782673,
		 "mpi_reduce2" : 10.347305,
		 "histogramm loop " : 0.000000,
		 "mpi_gather" : 0.000000,
		 "mpi_send" : 0.000000,
		 "mpi_gather2" : 0.000000,
		 "mpi_receive" : 0.000000,
		 "malloc" : 0.000000,
		 "gridfill()" : 84.091570,
		 "total" : 8278.022433,
		 " " : 0.000000
 	}
}
