{
	"Timing" :
	 {
		 "coprocess_fct" : 193.942869,
		 "mpi_reduce" : 10.707935,
		 "square for loop" : 87.809048,
		 "mpi_reduce2" : 10.558220,
		 "histogramm loop " : 0.000000,
		 "mpi_gather" : 0.000000,
		 "mpi_send" : 0.000000,
		 "mpi_gather2" : 0.000000,
		 "mpi_receive" : 0.000000,
		 "malloc" : 0.000000,
		 "gridfill()" : 84.859206,
		 "total" : 8278.132041,
		 " " : 0.000000
 	}
}
