{
	"Timing" :
	 {
		 "coprocess_fct" : 193.676013,
		 "mpi_reduce" : 10.887997,
		 "square for loop" : 87.803174,
		 "mpi_reduce2" : 10.444196,
		 "histogramm loop " : 0.000000,
		 "mpi_gather" : 0.000000,
		 "mpi_send" : 0.000000,
		 "mpi_gather2" : 0.000000,
		 "mpi_receive" : 0.000000,
		 "malloc" : 0.000000,
		 "gridfill()" : 84.532169,
		 "total" : 8279.132726,
		 " " : 0.000000
 	}
}
