{
	"Timing" :
	 {
		 "coprocess_fct" : 193.556821,
		 "mpi_reduce" : 10.789499,
		 "square for loop" : 87.866617,
		 "mpi_reduce2" : 10.365211,
		 "histogramm loop " : 0.000000,
		 "mpi_gather" : 0.000000,
		 "mpi_send" : 0.000000,
		 "mpi_gather2" : 0.000000,
		 "mpi_receive" : 0.000000,
		 "malloc" : 0.000000,
		 "gridfill()" : 84.526985,
		 "total" : 8277.631100,
		 " " : 0.000000
 	}
}
