{
	"Timing" :
	 {
		 "coprocess_fct" : 193.073549,
		 "mpi_reduce" : 11.068232,
		 "square for loop" : 87.853256,
		 "mpi_reduce2" : 10.318346,
		 "histogramm loop " : 0.000000,
		 "mpi_gather" : 0.000000,
		 "mpi_send" : 0.000000,
		 "mpi_gather2" : 0.000000,
		 "mpi_receive" : 0.000000,
		 "malloc" : 0.000000,
		 "gridfill()" : 83.825230,
		 "total" : 8279.385364,
		 " " : 0.000000
 	}
}
