{
	"Timing" :
	 {
		 "coprocess_fct" : 193.570312,
		 "mpi_reduce" : 10.826140,
		 "square for loop" : 87.853312,
		 "mpi_reduce2" : 10.557800,
		 "histogramm loop " : 0.000000,
		 "mpi_gather" : 0.000000,
		 "mpi_send" : 0.000000,
		 "mpi_gather2" : 0.000000,
		 "mpi_receive" : 0.000000,
		 "malloc" : 0.000000,
		 "gridfill()" : 84.324535,
		 "total" : 8277.578791,
		 " " : 0.000000
 	}
}
