{
	"Timing" :
	 {
		 "coprocess_fct" : 193.657908,
		 "mpi_reduce" : 10.997010,
		 "square for loop" : 87.801217,
		 "mpi_reduce2" : 10.431950,
		 "histogramm loop " : 0.000000,
		 "mpi_gather" : 0.000000,
		 "mpi_send" : 0.000000,
		 "mpi_gather2" : 0.000000,
		 "mpi_receive" : 0.000000,
		 "malloc" : 0.000000,
		 "gridfill()" : 84.419208,
		 "total" : 8276.874621,
		 " " : 0.000000
 	}
}
