{
	"Timing" :
	 {
		 "coprocess_fct" : 193.664555,
		 "mpi_reduce" : 10.787486,
		 "square for loop" : 87.755228,
		 "mpi_reduce2" : 10.504781,
		 "histogramm loop " : 0.000000,
		 "mpi_gather" : 0.000000,
		 "mpi_send" : 0.000000,
		 "mpi_gather2" : 0.000000,
		 "mpi_receive" : 0.000000,
		 "malloc" : 0.000000,
		 "gridfill()" : 84.608677,
		 "total" : 8277.752535,
		 " " : 0.000000
 	}
}
