{
	"Timing" :
	 {
		 "coprocess_fct" : 193.219553,
		 "mpi_reduce" : 10.815218,
		 "square for loop" : 87.699604,
		 "mpi_reduce2" : 10.580128,
		 "histogramm loop " : 0.000000,
		 "mpi_gather" : 0.000000,
		 "mpi_send" : 0.000000,
		 "mpi_gather2" : 0.000000,
		 "mpi_receive" : 0.000000,
		 "malloc" : 0.000000,
		 "gridfill()" : 84.116100,
		 "total" : 8277.415774,
		 " " : 0.000000
 	}
}
