{
	"Timing" :
	 {
		 "coprocess_fct" : 193.210729,
		 "mpi_reduce" : 10.832735,
		 "square for loop" : 87.862395,
		 "mpi_reduce2" : 10.648371,
		 "histogramm loop " : 0.000000,
		 "mpi_gather" : 0.000000,
		 "mpi_send" : 0.000000,
		 "mpi_gather2" : 0.000000,
		 "mpi_receive" : 0.000000,
		 "malloc" : 0.000000,
		 "gridfill()" : 83.858836,
		 "total" : 8276.527231,
		 " " : 0.000000
 	}
}
