{
	"Timing" :
	 {
		 "coprocess_fct" : 193.411005,
		 "mpi_reduce" : 10.489633,
		 "square for loop" : 87.860155,
		 "mpi_reduce2" : 10.523184,
		 "histogramm loop " : 0.000000,
		 "mpi_gather" : 0.000000,
		 "mpi_send" : 0.000000,
		 "mpi_gather2" : 0.000000,
		 "mpi_receive" : 0.000000,
		 "malloc" : 0.000000,
		 "gridfill()" : 84.529963,
		 "total" : 8277.490066,
		 " " : 0.000000
 	}
}
