{
	"Timing" :
	 {
		 "coprocess_fct" : 193.364357,
		 "mpi_reduce" : 10.889734,
		 "square for loop" : 87.853203,
		 "mpi_reduce2" : 10.448769,
		 "histogramm loop " : 0.000000,
		 "mpi_gather" : 0.000000,
		 "mpi_send" : 0.000000,
		 "mpi_gather2" : 0.000000,
		 "mpi_receive" : 0.000000,
		 "malloc" : 0.000000,
		 "gridfill()" : 84.152307,
		 "total" : 8276.676979,
		 " " : 0.000000
 	}
}
