{
	"Timing" :
	 {
		 "coprocess_fct" : 193.284387,
		 "mpi_reduce" : 10.656453,
		 "square for loop" : 87.770602,
		 "mpi_reduce2" : 10.473206,
		 "histogramm loop " : 0.000000,
		 "mpi_gather" : 0.000000,
		 "mpi_send" : 0.000000,
		 "mpi_gather2" : 0.000000,
		 "mpi_receive" : 0.000000,
		 "malloc" : 0.000000,
		 "gridfill()" : 84.375584,
		 "total" : 8277.403773,
		 " " : 0.000000
 	}
}
