{
	"Timing" :
	 {
		 "coprocess_fct" : 193.491979,
		 "mpi_reduce" : 10.872847,
		 "square for loop" : 87.845273,
		 "mpi_reduce2" : 10.392320,
		 "histogramm loop " : 0.000000,
		 "mpi_gather" : 0.000000,
		 "mpi_send" : 0.000000,
		 "mpi_gather2" : 0.000000,
		 "mpi_receive" : 0.000000,
		 "malloc" : 0.000000,
		 "gridfill()" : 84.373160,
		 "total" : 8276.607430,
		 " " : 0.000000
 	}
}
