{
	"Timing" :
	 {
		 "coprocess_fct" : 193.181345,
		 "mpi_reduce" : 10.863940,
		 "square for loop" : 87.883623,
		 "mpi_reduce2" : 10.438898,
		 "histogramm loop " : 0.000000,
		 "mpi_gather" : 0.000000,
		 "mpi_send" : 0.000000,
		 "mpi_gather2" : 0.000000,
		 "mpi_receive" : 0.000000,
		 "malloc" : 0.000000,
		 "gridfill()" : 83.986344,
		 "total" : 8278.728793,
		 " " : 0.000000
 	}
}
