{
	"Timing" :
	 {
		 "coprocess_fct" : 193.660289,
		 "mpi_reduce" : 10.988583,
		 "square for loop" : 87.810572,
		 "mpi_reduce2" : 10.436726,
		 "histogramm loop " : 0.000000,
		 "mpi_gather" : 0.000000,
		 "mpi_send" : 0.000000,
		 "mpi_gather2" : 0.000000,
		 "mpi_receive" : 0.000000,
		 "malloc" : 0.000000,
		 "gridfill()" : 84.416037,
		 "total" : 8278.434484,
		 " " : 0.000000
 	}
}
