{
	"Timing" :
	 {
		 "coprocess_fct" : 193.268881,
		 "mpi_reduce" : 10.789813,
		 "square for loop" : 87.782331,
		 "mpi_reduce2" : 10.481805,
		 "histogramm loop " : 0.000000,
		 "mpi_gather" : 0.000000,
		 "mpi_send" : 0.000000,
		 "mpi_gather2" : 0.000000,
		 "mpi_receive" : 0.000000,
		 "malloc" : 0.000000,
		 "gridfill()" : 84.206421,
		 "total" : 8278.660786,
		 " " : 0.000000
 	}
}
