{
	"Timing" :
	 {
		 "coprocess_fct" : 193.779565,
		 "mpi_reduce" : 10.956662,
		 "square for loop" : 87.862676,
		 "mpi_reduce2" : 10.388881,
		 "histogramm loop " : 0.000000,
		 "mpi_gather" : 0.000000,
		 "mpi_send" : 0.000000,
		 "mpi_gather2" : 0.000000,
		 "mpi_receive" : 0.000000,
		 "malloc" : 0.000000,
		 "gridfill()" : 84.562851,
		 "total" : 8277.300752,
		 " " : 0.000000
 	}
}
