{
	"Timing" :
	 {
		 "coprocess_fct" : 193.063560,
		 "mpi_reduce" : 10.924652,
		 "square for loop" : 87.844414,
		 "mpi_reduce2" : 10.375405,
		 "histogramm loop " : 0.000000,
		 "mpi_gather" : 0.000000,
		 "mpi_send" : 0.000000,
		 "mpi_gather2" : 0.000000,
		 "mpi_receive" : 0.000000,
		 "malloc" : 0.000000,
		 "gridfill()" : 83.910687,
		 "total" : 8279.214769,
		 " " : 0.000000
 	}
}
