{
	"Timing" :
	 {
		 "coprocess_fct" : 193.124076,
		 "mpi_reduce" : 10.717436,
		 "square for loop" : 87.796992,
		 "mpi_reduce2" : 10.551702,
		 "histogramm loop " : 0.000000,
		 "mpi_gather" : 0.000000,
		 "mpi_send" : 0.000000,
		 "mpi_gather2" : 0.000000,
		 "mpi_receive" : 0.000000,
		 "malloc" : 0.000000,
		 "gridfill()" : 84.049496,
		 "total" : 8277.519136,
		 " " : 0.000000
 	}
}
