{
	"Timing" :
	 {
		 "coprocess_fct" : 193.372974,
		 "mpi_reduce" : 10.457910,
		 "square for loop" : 87.775831,
		 "mpi_reduce2" : 10.527223,
		 "histogramm loop " : 0.000000,
		 "mpi_gather" : 0.000000,
		 "mpi_send" : 0.000000,
		 "mpi_gather2" : 0.000000,
		 "mpi_receive" : 0.000000,
		 "malloc" : 0.000000,
		 "gridfill()" : 84.604041,
		 "total" : 8278.089015,
		 " " : 0.000000
 	}
}
