{
	"Timing" :
	 {
		 "coprocess_fct" : 193.514067,
		 "mpi_reduce" : 11.085947,
		 "square for loop" : 87.902535,
		 "mpi_reduce2" : 10.521582,
		 "histogramm loop " : 0.000000,
		 "mpi_gather" : 0.000000,
		 "mpi_send" : 0.000000,
		 "mpi_gather2" : 0.000000,
		 "mpi_receive" : 0.000000,
		 "malloc" : 0.000000,
		 "gridfill()" : 83.995581,
		 "total" : 8276.243085,
		 " " : 0.000000
 	}
}
