{
	"Timing" :
	 {
		 "coprocess_fct" : 192.868145,
		 "mpi_reduce" : 10.535217,
		 "square for loop" : 87.861938,
		 "mpi_reduce2" : 10.402030,
		 "histogramm loop " : 0.000000,
		 "mpi_gather" : 0.000000,
		 "mpi_send" : 0.000000,
		 "mpi_gather2" : 0.000000,
		 "mpi_receive" : 0.000000,
		 "malloc" : 0.000000,
		 "gridfill()" : 84.060914,
		 "total" : 8276.969119,
		 " " : 0.000000
 	}
}
