{
	"Timing" :
	 {
		 "coprocess_fct" : 193.514596,
		 "mpi_reduce" : 10.930639,
		 "square for loop" : 88.084846,
		 "mpi_reduce2" : 10.419887,
		 "histogramm loop " : 0.000000,
		 "mpi_gather" : 0.000000,
		 "mpi_send" : 0.000000,
		 "mpi_gather2" : 0.000000,
		 "mpi_receive" : 0.000000,
		 "malloc" : 0.000000,
		 "gridfill()" : 84.070810,
		 "total" : 8278.837836,
		 " " : 0.000000
 	}
}
