{
	"Timing" :
	 {
		 "coprocess_fct" : 194.024045,
		 "mpi_reduce" : 10.914630,
		 "square for loop" : 87.911781,
		 "mpi_reduce2" : 10.709303,
		 "histogramm loop " : 0.000000,
		 "mpi_gather" : 0.000000,
		 "mpi_send" : 0.000000,
		 "mpi_gather2" : 0.000000,
		 "mpi_receive" : 0.000000,
		 "malloc" : 0.000000,
		 "gridfill()" : 84.479911,
		 "total" : 8276.191198,
		 " " : 0.000000
 	}
}
