{
	"Timing" :
	 {
		 "coprocess_fct" : 193.673919,
		 "mpi_reduce" : 10.784943,
		 "square for loop" : 87.801030,
		 "mpi_reduce2" : 10.436373,
		 "histogramm loop " : 0.000000,
		 "mpi_gather" : 0.000000,
		 "mpi_send" : 0.000000,
		 "mpi_gather2" : 0.000000,
		 "mpi_receive" : 0.000000,
		 "malloc" : 0.000000,
		 "gridfill()" : 84.643207,
		 "total" : 8278.096249,
		 " " : 0.000000
 	}
}
