{
	"Timing" :
	 {
		 "coprocess_fct" : 193.276862,
		 "mpi_reduce" : 10.983456,
		 "square for loop" : 87.897701,
		 "mpi_reduce2" : 10.516308,
		 "histogramm loop " : 0.000000,
		 "mpi_gather" : 0.000000,
		 "mpi_send" : 0.000000,
		 "mpi_gather2" : 0.000000,
		 "mpi_receive" : 0.000000,
		 "malloc" : 0.000000,
		 "gridfill()" : 83.870961,
		 "total" : 8276.163887,
		 " " : 0.000000
 	}
}
