{
	"Timing" :
	 {
		 "coprocess_fct" : 193.366490,
		 "mpi_reduce" : 10.821013,
		 "square for loop" : 87.722974,
		 "mpi_reduce2" : 10.402172,
		 "histogramm loop " : 0.000000,
		 "mpi_gather" : 0.000000,
		 "mpi_send" : 0.000000,
		 "mpi_gather2" : 0.000000,
		 "mpi_receive" : 0.000000,
		 "malloc" : 0.000000,
		 "gridfill()" : 84.411921,
		 "total" : 8277.474765,
		 " " : 0.000000
 	}
}
