{
	"Timing" :
	 {
		 "coprocess_fct" : 193.637902,
		 "mpi_reduce" : 10.766168,
		 "square for loop" : 87.931219,
		 "mpi_reduce2" : 10.349415,
		 "histogramm loop " : 0.000000,
		 "mpi_gather" : 0.000000,
		 "mpi_send" : 0.000000,
		 "mpi_gather2" : 0.000000,
		 "mpi_receive" : 0.000000,
		 "malloc" : 0.000000,
		 "gridfill()" : 84.582716,
		 "total" : 8279.142051,
		 " " : 0.000000
 	}
}
