{
	"Timing" :
	 {
		 "coprocess_fct" : 193.393599,
		 "mpi_reduce" : 10.737610,
		 "square for loop" : 87.800984,
		 "mpi_reduce2" : 10.439081,
		 "histogramm loop " : 0.000000,
		 "mpi_gather" : 0.000000,
		 "mpi_send" : 0.000000,
		 "mpi_gather2" : 0.000000,
		 "mpi_receive" : 0.000000,
		 "malloc" : 0.000000,
		 "gridfill()" : 84.407426,
		 "total" : 8279.140419,
		 " " : 0.000000
 	}
}
