{
	"Timing" :
	 {
		 "coprocess_fct" : 192.716597,
		 "mpi_reduce" : 10.476437,
		 "square for loop" : 87.789661,
		 "mpi_reduce2" : 10.342533,
		 "histogramm loop " : 0.000000,
		 "mpi_gather" : 0.000000,
		 "mpi_send" : 0.000000,
		 "mpi_gather2" : 0.000000,
		 "mpi_receive" : 0.000000,
		 "malloc" : 0.000000,
		 "gridfill()" : 84.100136,
		 "total" : 8278.638672,
		 " " : 0.000000
 	}
}
