{
	"Timing" :
	 {
		 "coprocess_fct" : 193.586915,
		 "mpi_reduce" : 10.871020,
		 "square for loop" : 87.770544,
		 "mpi_reduce2" : 10.437881,
		 "histogramm loop " : 0.000000,
		 "mpi_gather" : 0.000000,
		 "mpi_send" : 0.000000,
		 "mpi_gather2" : 0.000000,
		 "mpi_receive" : 0.000000,
		 "malloc" : 0.000000,
		 "gridfill()" : 84.498976,
		 "total" : 8277.302969,
		 " " : 0.000000
 	}
}
