{
	"Timing" :
	 {
		 "coprocess_fct" : 193.692041,
		 "mpi_reduce" : 10.998790,
		 "square for loop" : 87.782162,
		 "mpi_reduce2" : 10.468551,
		 "histogramm loop " : 0.000000,
		 "mpi_gather" : 0.000000,
		 "mpi_send" : 0.000000,
		 "mpi_gather2" : 0.000000,
		 "mpi_receive" : 0.000000,
		 "malloc" : 0.000000,
		 "gridfill()" : 84.434002,
		 "total" : 8277.678131,
		 " " : 0.000000
 	}
}
