{
	"Timing" :
	 {
		 "coprocess_fct" : 193.497555,
		 "mpi_reduce" : 10.718276,
		 "square for loop" : 87.930109,
		 "mpi_reduce2" : 10.433270,
		 "histogramm loop " : 0.000000,
		 "mpi_gather" : 0.000000,
		 "mpi_send" : 0.000000,
		 "mpi_gather2" : 0.000000,
		 "mpi_receive" : 0.000000,
		 "malloc" : 0.000000,
		 "gridfill()" : 84.407502,
		 "total" : 8277.620589,
		 " " : 0.000000
 	}
}
