{
	"Timing" :
	 {
		 "coprocess_fct" : 193.587680,
		 "mpi_reduce" : 10.594899,
		 "square for loop" : 87.829168,
		 "mpi_reduce2" : 10.597637,
		 "histogramm loop " : 0.000000,
		 "mpi_gather" : 0.000000,
		 "mpi_send" : 0.000000,
		 "mpi_gather2" : 0.000000,
		 "mpi_receive" : 0.000000,
		 "malloc" : 0.000000,
		 "gridfill()" : 84.557557,
		 "total" : 8276.987380,
		 " " : 0.000000
 	}
}
