{
	"Timing" :
	 {
		 "coprocess_fct" : 193.704640,
		 "mpi_reduce" : 10.899897,
		 "square for loop" : 87.825896,
		 "mpi_reduce2" : 10.541475,
		 "histogramm loop " : 0.000000,
		 "mpi_gather" : 0.000000,
		 "mpi_send" : 0.000000,
		 "mpi_gather2" : 0.000000,
		 "mpi_receive" : 0.000000,
		 "malloc" : 0.000000,
		 "gridfill()" : 84.429011,
		 "total" : 8276.561250,
		 " " : 0.000000
 	}
}
