{
	"Timing" :
	 {
		 "coprocess_fct" : 193.528689,
		 "mpi_reduce" : 10.606893,
		 "square for loop" : 87.843213,
		 "mpi_reduce2" : 10.532674,
		 "histogramm loop " : 0.000000,
		 "mpi_gather" : 0.000000,
		 "mpi_send" : 0.000000,
		 "mpi_gather2" : 0.000000,
		 "mpi_receive" : 0.000000,
		 "malloc" : 0.000000,
		 "gridfill()" : 84.537495,
		 "total" : 8276.950654,
		 " " : 0.000000
 	}
}
