{
	"Timing" :
	 {
		 "coprocess_fct" : 193.460159,
		 "mpi_reduce" : 10.853159,
		 "square for loop" : 87.803567,
		 "mpi_reduce2" : 10.412726,
		 "histogramm loop " : 0.000000,
		 "mpi_gather" : 0.000000,
		 "mpi_send" : 0.000000,
		 "mpi_gather2" : 0.000000,
		 "mpi_receive" : 0.000000,
		 "malloc" : 0.000000,
		 "gridfill()" : 84.382177,
		 "total" : 8276.711051,
		 " " : 0.000000
 	}
}
