{
	"Timing" :
	 {
		 "coprocess_fct" : 193.573146,
		 "mpi_reduce" : 10.847612,
		 "square for loop" : 87.900062,
		 "mpi_reduce2" : 10.443541,
		 "histogramm loop " : 0.000000,
		 "mpi_gather" : 0.000000,
		 "mpi_send" : 0.000000,
		 "mpi_gather2" : 0.000000,
		 "mpi_receive" : 0.000000,
		 "malloc" : 0.000000,
		 "gridfill()" : 84.373527,
		 "total" : 8279.001997,
		 " " : 0.000000
 	}
}
