{
	"Timing" :
	 {
		 "coprocess_fct" : 193.179625,
		 "mpi_reduce" : 10.750229,
		 "square for loop" : 87.656757,
		 "mpi_reduce2" : 10.495906,
		 "histogramm loop " : 0.000000,
		 "mpi_gather" : 0.000000,
		 "mpi_send" : 0.000000,
		 "mpi_gather2" : 0.000000,
		 "mpi_receive" : 0.000000,
		 "malloc" : 0.000000,
		 "gridfill()" : 84.268325,
		 "total" : 8276.927971,
		 " " : 0.000000
 	}
}
