{
	"Timing" :
	 {
		 "coprocess_fct" : 193.284427,
		 "mpi_reduce" : 10.708500,
		 "square for loop" : 87.742234,
		 "mpi_reduce2" : 10.435751,
		 "histogramm loop " : 0.000000,
		 "mpi_gather" : 0.000000,
		 "mpi_send" : 0.000000,
		 "mpi_gather2" : 0.000000,
		 "mpi_receive" : 0.000000,
		 "malloc" : 0.000000,
		 "gridfill()" : 84.389486,
		 "total" : 8277.764612,
		 " " : 0.000000
 	}
}
