{
	"Timing" :
	 {
		 "coprocess_fct" : 194.198651,
		 "mpi_reduce" : 10.692283,
		 "square for loop" : 87.860764,
		 "mpi_reduce2" : 10.524556,
		 "histogramm loop " : 0.000000,
		 "mpi_gather" : 0.000000,
		 "mpi_send" : 0.000000,
		 "mpi_gather2" : 0.000000,
		 "mpi_receive" : 0.000000,
		 "malloc" : 0.000000,
		 "gridfill()" : 85.112835,
		 "total" : 8277.432140,
		 " " : 0.000000
 	}
}
