{
	"Timing" :
	 {
		 "coprocess_fct" : 193.403994,
		 "mpi_reduce" : 10.788336,
		 "square for loop" : 87.798079,
		 "mpi_reduce2" : 10.362582,
		 "histogramm loop " : 0.000000,
		 "mpi_gather" : 0.000000,
		 "mpi_send" : 0.000000,
		 "mpi_gather2" : 0.000000,
		 "mpi_receive" : 0.000000,
		 "malloc" : 0.000000,
		 "gridfill()" : 84.446515,
		 "total" : 8276.595004,
		 " " : 0.000000
 	}
}
