{
	"Timing" :
	 {
		 "coprocess_fct" : 193.186487,
		 "mpi_reduce" : 10.637660,
		 "square for loop" : 87.763087,
		 "mpi_reduce2" : 10.367663,
		 "histogramm loop " : 0.000000,
		 "mpi_gather" : 0.000000,
		 "mpi_send" : 0.000000,
		 "mpi_gather2" : 0.000000,
		 "mpi_receive" : 0.000000,
		 "malloc" : 0.000000,
		 "gridfill()" : 84.409530,
		 "total" : 8277.754581,
		 " " : 0.000000
 	}
}
