{
	"Timing" :
	 {
		 "coprocess_fct" : 193.653475,
		 "mpi_reduce" : 10.896011,
		 "square for loop" : 87.875872,
		 "mpi_reduce2" : 10.375947,
		 "histogramm loop " : 0.000000,
		 "mpi_gather" : 0.000000,
		 "mpi_send" : 0.000000,
		 "mpi_gather2" : 0.000000,
		 "mpi_receive" : 0.000000,
		 "malloc" : 0.000000,
		 "gridfill()" : 84.497158,
		 "total" : 8278.262594,
		 " " : 0.000000
 	}
}
