{
	"Timing" :
	 {
		 "coprocess_fct" : 193.422856,
		 "mpi_reduce" : 10.636378,
		 "square for loop" : 87.894517,
		 "mpi_reduce2" : 10.486244,
		 "histogramm loop " : 0.000000,
		 "mpi_gather" : 0.000000,
		 "mpi_send" : 0.000000,
		 "mpi_gather2" : 0.000000,
		 "mpi_receive" : 0.000000,
		 "malloc" : 0.000000,
		 "gridfill()" : 84.397221,
		 "total" : 8279.144009,
		 " " : 0.000000
 	}
}
