{
	"Timing" :
	 {
		 "coprocess_fct" : 193.390420,
		 "mpi_reduce" : 10.670218,
		 "square for loop" : 87.813154,
		 "mpi_reduce2" : 10.460483,
		 "histogramm loop " : 0.000000,
		 "mpi_gather" : 0.000000,
		 "mpi_send" : 0.000000,
		 "mpi_gather2" : 0.000000,
		 "mpi_receive" : 0.000000,
		 "malloc" : 0.000000,
		 "gridfill()" : 84.438182,
		 "total" : 8277.238798,
		 " " : 0.000000
 	}
}
