{
	"Timing" :
	 {
		 "coprocess_fct" : 193.286561,
		 "mpi_reduce" : 10.893874,
		 "square for loop" : 87.830001,
		 "mpi_reduce2" : 10.493252,
		 "histogramm loop " : 0.000000,
		 "mpi_gather" : 0.000000,
		 "mpi_send" : 0.000000,
		 "mpi_gather2" : 0.000000,
		 "mpi_receive" : 0.000000,
		 "malloc" : 0.000000,
		 "gridfill()" : 84.061011,
		 "total" : 8276.541154,
		 " " : 0.000000
 	}
}
