{
	"Timing" :
	 {
		 "coprocess_fct" : 192.626500,
		 "mpi_reduce" : 10.357468,
		 "square for loop" : 87.680833,
		 "mpi_reduce2" : 10.418244,
		 "histogramm loop " : 0.000000,
		 "mpi_gather" : 0.000000,
		 "mpi_send" : 0.000000,
		 "mpi_gather2" : 0.000000,
		 "mpi_receive" : 0.000000,
		 "malloc" : 0.000000,
		 "gridfill()" : 84.162031,
		 "total" : 8276.793817,
		 " " : 0.000000
 	}
}
