{
	"Timing" :
	 {
		 "coprocess_fct" : 193.366624,
		 "mpi_reduce" : 10.837188,
		 "square for loop" : 87.753459,
		 "mpi_reduce2" : 10.545598,
		 "histogramm loop " : 0.000000,
		 "mpi_gather" : 0.000000,
		 "mpi_send" : 0.000000,
		 "mpi_gather2" : 0.000000,
		 "mpi_receive" : 0.000000,
		 "malloc" : 0.000000,
		 "gridfill()" : 84.221832,
		 "total" : 8278.879028,
		 " " : 0.000000
 	}
}
