{
	"Timing" :
	 {
		 "coprocess_fct" : 193.413182,
		 "mpi_reduce" : 10.708052,
		 "square for loop" : 87.805898,
		 "mpi_reduce2" : 10.487340,
		 "histogramm loop " : 0.000000,
		 "mpi_gather" : 0.000000,
		 "mpi_send" : 0.000000,
		 "mpi_gather2" : 0.000000,
		 "mpi_receive" : 0.000000,
		 "malloc" : 0.000000,
		 "gridfill()" : 84.403465,
		 "total" : 8277.890403,
		 " " : 0.000000
 	}
}
