{
	"Timing" :
	 {
		 "coprocess_fct" : 193.096002,
		 "mpi_reduce" : 11.038926,
		 "square for loop" : 87.685991,
		 "mpi_reduce2" : 10.524454,
		 "histogramm loop " : 0.000000,
		 "mpi_gather" : 0.000000,
		 "mpi_send" : 0.000000,
		 "mpi_gather2" : 0.000000,
		 "mpi_receive" : 0.000000,
		 "malloc" : 0.000000,
		 "gridfill()" : 83.838144,
		 "total" : 8276.689682,
		 " " : 0.000000
 	}
}
