{
	"Timing" :
	 {
		 "coprocess_fct" : 193.629220,
		 "mpi_reduce" : 10.805848,
		 "square for loop" : 87.881687,
		 "mpi_reduce2" : 10.378253,
		 "histogramm loop " : 0.000000,
		 "mpi_gather" : 0.000000,
		 "mpi_send" : 0.000000,
		 "mpi_gather2" : 0.000000,
		 "mpi_receive" : 0.000000,
		 "malloc" : 0.000000,
		 "gridfill()" : 84.554999,
		 "total" : 8278.674565,
		 " " : 0.000000
 	}
}
