{
	"Timing" :
	 {
		 "coprocess_fct" : 193.447592,
		 "mpi_reduce" : 10.767289,
		 "square for loop" : 87.722416,
		 "mpi_reduce2" : 10.435166,
		 "histogramm loop " : 0.000000,
		 "mpi_gather" : 0.000000,
		 "mpi_send" : 0.000000,
		 "mpi_gather2" : 0.000000,
		 "mpi_receive" : 0.000000,
		 "malloc" : 0.000000,
		 "gridfill()" : 84.514213,
		 "total" : 8277.972199,
		 " " : 0.000000
 	}
}
