{
	"Timing" :
	 {
		 "coprocess_fct" : 193.312765,
		 "mpi_reduce" : 10.910789,
		 "square for loop" : 87.813933,
		 "mpi_reduce2" : 10.510733,
		 "histogramm loop " : 0.000000,
		 "mpi_gather" : 0.000000,
		 "mpi_send" : 0.000000,
		 "mpi_gather2" : 0.000000,
		 "mpi_receive" : 0.000000,
		 "malloc" : 0.000000,
		 "gridfill()" : 84.068913,
		 "total" : 8277.686786,
		 " " : 0.000000
 	}
}
