{
	"Timing" :
	 {
		 "coprocess_fct" : 193.304314,
		 "mpi_reduce" : 10.741575,
		 "square for loop" : 87.812543,
		 "mpi_reduce2" : 10.302176,
		 "histogramm loop " : 0.000000,
		 "mpi_gather" : 0.000000,
		 "mpi_send" : 0.000000,
		 "mpi_gather2" : 0.000000,
		 "mpi_receive" : 0.000000,
		 "malloc" : 0.000000,
		 "gridfill()" : 84.439719,
		 "total" : 8276.880161,
		 " " : 0.000000
 	}
}
