{
	"Timing" :
	 {
		 "coprocess_fct" : 193.626141,
		 "mpi_reduce" : 10.967689,
		 "square for loop" : 87.875969,
		 "mpi_reduce2" : 10.364327,
		 "histogramm loop " : 0.000000,
		 "mpi_gather" : 0.000000,
		 "mpi_send" : 0.000000,
		 "mpi_gather2" : 0.000000,
		 "mpi_receive" : 0.000000,
		 "malloc" : 0.000000,
		 "gridfill()" : 84.409796,
		 "total" : 8277.404532,
		 " " : 0.000000
 	}
}
