{
	"Timing" :
	 {
		 "coprocess_fct" : 193.005101,
		 "mpi_reduce" : 10.697412,
		 "square for loop" : 87.940374,
		 "mpi_reduce2" : 10.373066,
		 "histogramm loop " : 0.000000,
		 "mpi_gather" : 0.000000,
		 "mpi_send" : 0.000000,
		 "mpi_gather2" : 0.000000,
		 "mpi_receive" : 0.000000,
		 "malloc" : 0.000000,
		 "gridfill()" : 83.985787,
		 "total" : 8278.106488,
		 " " : 0.000000
 	}
}
