{
	"Timing" :
	 {
		 "coprocess_fct" : 193.620779,
		 "mpi_reduce" : 10.997894,
		 "square for loop" : 87.907470,
		 "mpi_reduce2" : 10.675238,
		 "histogramm loop " : 0.000000,
		 "mpi_gather" : 0.000000,
		 "mpi_send" : 0.000000,
		 "mpi_gather2" : 0.000000,
		 "mpi_receive" : 0.000000,
		 "malloc" : 0.000000,
		 "gridfill()" : 84.031638,
		 "total" : 8276.476759,
		 " " : 0.000000
 	}
}
