{
	"Timing" :
	 {
		 "coprocess_fct" : 193.533934,
		 "mpi_reduce" : 10.828582,
		 "square for loop" : 87.885715,
		 "mpi_reduce2" : 10.424871,
		 "histogramm loop " : 0.000000,
		 "mpi_gather" : 0.000000,
		 "mpi_send" : 0.000000,
		 "mpi_gather2" : 0.000000,
		 "mpi_receive" : 0.000000,
		 "malloc" : 0.000000,
		 "gridfill()" : 84.386223,
		 "total" : 8276.602190,
		 " " : 0.000000
 	}
}
