{
	"Timing" :
	 {
		 "coprocess_fct" : 193.343580,
		 "mpi_reduce" : 10.837737,
		 "square for loop" : 87.882747,
		 "mpi_reduce2" : 10.595320,
		 "histogramm loop " : 0.000000,
		 "mpi_gather" : 0.000000,
		 "mpi_send" : 0.000000,
		 "mpi_gather2" : 0.000000,
		 "mpi_receive" : 0.000000,
		 "malloc" : 0.000000,
		 "gridfill()" : 84.019270,
		 "total" : 8278.809904,
		 " " : 0.000000
 	}
}
