{
	"Timing" :
	 {
		 "coprocess_fct" : 192.975809,
		 "mpi_reduce" : 10.732939,
		 "square for loop" : 87.854222,
		 "mpi_reduce2" : 10.286904,
		 "histogramm loop " : 0.000000,
		 "mpi_gather" : 0.000000,
		 "mpi_send" : 0.000000,
		 "mpi_gather2" : 0.000000,
		 "mpi_receive" : 0.000000,
		 "malloc" : 0.000000,
		 "gridfill()" : 84.093252,
		 "total" : 8277.090239,
		 " " : 0.000000
 	}
}
