{
	"Timing" :
	 {
		 "coprocess_fct" : 193.398259,
		 "mpi_reduce" : 10.775979,
		 "square for loop" : 87.834381,
		 "mpi_reduce2" : 10.438588,
		 "histogramm loop " : 0.000000,
		 "mpi_gather" : 0.000000,
		 "mpi_send" : 0.000000,
		 "mpi_gather2" : 0.000000,
		 "mpi_receive" : 0.000000,
		 "malloc" : 0.000000,
		 "gridfill()" : 84.340750,
		 "total" : 8277.853246,
		 " " : 0.000000
 	}
}
