{
	"Timing" :
	 {
		 "coprocess_fct" : 192.517257,
		 "mpi_reduce" : 10.456134,
		 "square for loop" : 87.739569,
		 "mpi_reduce2" : 10.384587,
		 "histogramm loop " : 0.000000,
		 "mpi_gather" : 0.000000,
		 "mpi_send" : 0.000000,
		 "mpi_gather2" : 0.000000,
		 "mpi_receive" : 0.000000,
		 "malloc" : 0.000000,
		 "gridfill()" : 83.929015,
		 "total" : 8276.816999,
		 " " : 0.000000
 	}
}
