{
	"Timing" :
	 {
		 "coprocess_fct" : 193.447939,
		 "mpi_reduce" : 10.750054,
		 "square for loop" : 87.759457,
		 "mpi_reduce2" : 10.496944,
		 "histogramm loop " : 0.000000,
		 "mpi_gather" : 0.000000,
		 "mpi_send" : 0.000000,
		 "mpi_gather2" : 0.000000,
		 "mpi_receive" : 0.000000,
		 "malloc" : 0.000000,
		 "gridfill()" : 84.433045,
		 "total" : 8279.252468,
		 " " : 0.000000
 	}
}
