{
	"Timing" :
	 {
		 "coprocess_fct" : 193.048175,
		 "mpi_reduce" : 10.419835,
		 "square for loop" : 87.744438,
		 "mpi_reduce2" : 10.521071,
		 "histogramm loop " : 0.000000,
		 "mpi_gather" : 0.000000,
		 "mpi_send" : 0.000000,
		 "mpi_gather2" : 0.000000,
		 "mpi_receive" : 0.000000,
		 "malloc" : 0.000000,
		 "gridfill()" : 84.354564,
		 "total" : 8278.413282,
		 " " : 0.000000
 	}
}
