{
	"Timing" :
	 {
		 "coprocess_fct" : 193.430194,
		 "mpi_reduce" : 10.886620,
		 "square for loop" : 87.830532,
		 "mpi_reduce2" : 10.376345,
		 "histogramm loop " : 0.000000,
		 "mpi_gather" : 0.000000,
		 "mpi_send" : 0.000000,
		 "mpi_gather2" : 0.000000,
		 "mpi_receive" : 0.000000,
		 "malloc" : 0.000000,
		 "gridfill()" : 84.328223,
		 "total" : 8276.495348,
		 " " : 0.000000
 	}
}
