{
	"Timing" :
	 {
		 "coprocess_fct" : 193.571063,
		 "mpi_reduce" : 10.922896,
		 "square for loop" : 87.808602,
		 "mpi_reduce2" : 10.378579,
		 "histogramm loop " : 0.000000,
		 "mpi_gather" : 0.000000,
		 "mpi_send" : 0.000000,
		 "mpi_gather2" : 0.000000,
		 "mpi_receive" : 0.000000,
		 "malloc" : 0.000000,
		 "gridfill()" : 84.452558,
		 "total" : 8276.980848,
		 " " : 0.000000
 	}
}
