{
	"Timing" :
	 {
		 "coprocess_fct" : 193.391335,
		 "mpi_reduce" : 11.028008,
		 "square for loop" : 87.923273,
		 "mpi_reduce2" : 10.407460,
		 "histogramm loop " : 0.000000,
		 "mpi_gather" : 0.000000,
		 "mpi_send" : 0.000000,
		 "mpi_gather2" : 0.000000,
		 "mpi_receive" : 0.000000,
		 "malloc" : 0.000000,
		 "gridfill()" : 84.024097,
		 "total" : 8278.392956,
		 " " : 0.000000
 	}
}
