{
	"Timing" :
	 {
		 "coprocess_fct" : 193.752148,
		 "mpi_reduce" : 10.625622,
		 "square for loop" : 87.788908,
		 "mpi_reduce2" : 10.567734,
		 "histogramm loop " : 0.000000,
		 "mpi_gather" : 0.000000,
		 "mpi_send" : 0.000000,
		 "mpi_gather2" : 0.000000,
		 "mpi_receive" : 0.000000,
		 "malloc" : 0.000000,
		 "gridfill()" : 84.761351,
		 "total" : 8277.782979,
		 " " : 0.000000
 	}
}
