{
	"Timing" :
	 {
		 "coprocess_fct" : 193.397541,
		 "mpi_reduce" : 10.835646,
		 "square for loop" : 87.841180,
		 "mpi_reduce2" : 10.429839,
		 "histogramm loop " : 0.000000,
		 "mpi_gather" : 0.000000,
		 "mpi_send" : 0.000000,
		 "mpi_gather2" : 0.000000,
		 "mpi_receive" : 0.000000,
		 "malloc" : 0.000000,
		 "gridfill()" : 84.282402,
		 "total" : 8276.954894,
		 " " : 0.000000
 	}
}
