{
	"Timing" :
	 {
		 "coprocess_fct" : 193.238731,
		 "mpi_reduce" : 10.731224,
		 "square for loop" : 87.759209,
		 "mpi_reduce2" : 10.344622,
		 "histogramm loop " : 0.000000,
		 "mpi_gather" : 0.000000,
		 "mpi_send" : 0.000000,
		 "mpi_gather2" : 0.000000,
		 "mpi_receive" : 0.000000,
		 "malloc" : 0.000000,
		 "gridfill()" : 84.395102,
		 "total" : 8277.853336,
		 " " : 0.000000
 	}
}
