{
	"Timing" :
	 {
		 "coprocess_fct" : 193.162708,
		 "mpi_reduce" : 10.568370,
		 "square for loop" : 87.846065,
		 "mpi_reduce2" : 10.314428,
		 "histogramm loop " : 0.000000,
		 "mpi_gather" : 0.000000,
		 "mpi_send" : 0.000000,
		 "mpi_gather2" : 0.000000,
		 "mpi_receive" : 0.000000,
		 "malloc" : 0.000000,
		 "gridfill()" : 84.425345,
		 "total" : 8277.887484,
		 " " : 0.000000
 	}
}
