{
	"Timing" :
	 {
		 "coprocess_fct" : 193.451603,
		 "mpi_reduce" : 10.623057,
		 "square for loop" : 87.797472,
		 "mpi_reduce2" : 10.532216,
		 "histogramm loop " : 0.000000,
		 "mpi_gather" : 0.000000,
		 "mpi_send" : 0.000000,
		 "mpi_gather2" : 0.000000,
		 "mpi_receive" : 0.000000,
		 "malloc" : 0.000000,
		 "gridfill()" : 84.490288,
		 "total" : 8276.983414,
		 " " : 0.000000
 	}
}
