{
	"Timing" :
	 {
		 "coprocess_fct" : 193.629384,
		 "mpi_reduce" : 10.937866,
		 "square for loop" : 87.861750,
		 "mpi_reduce2" : 10.395394,
		 "histogramm loop " : 0.000000,
		 "mpi_gather" : 0.000000,
		 "mpi_send" : 0.000000,
		 "mpi_gather2" : 0.000000,
		 "mpi_receive" : 0.000000,
		 "malloc" : 0.000000,
		 "gridfill()" : 84.425966,
		 "total" : 8279.211571,
		 " " : 0.000000
 	}
}
