{
	"Timing" :
	 {
		 "coprocess_fct" : 193.639978,
		 "mpi_reduce" : 10.758648,
		 "square for loop" : 87.962955,
		 "mpi_reduce2" : 10.461421,
		 "histogramm loop " : 0.000000,
		 "mpi_gather" : 0.000000,
		 "mpi_send" : 0.000000,
		 "mpi_gather2" : 0.000000,
		 "mpi_receive" : 0.000000,
		 "malloc" : 0.000000,
		 "gridfill()" : 84.448576,
		 "total" : 8277.678107,
		 " " : 0.000000
 	}
}
