{
	"Timing" :
	 {
		 "coprocess_fct" : 192.996480,
		 "mpi_reduce" : 10.411665,
		 "square for loop" : 87.762264,
		 "mpi_reduce2" : 10.355523,
		 "histogramm loop " : 0.000000,
		 "mpi_gather" : 0.000000,
		 "mpi_send" : 0.000000,
		 "mpi_gather2" : 0.000000,
		 "mpi_receive" : 0.000000,
		 "malloc" : 0.000000,
		 "gridfill()" : 84.459019,
		 "total" : 8277.337883,
		 " " : 0.000000
 	}
}
