{
	"Timing" :
	 {
		 "coprocess_fct" : 193.507777,
		 "mpi_reduce" : 10.787293,
		 "square for loop" : 87.822733,
		 "mpi_reduce2" : 10.415804,
		 "histogramm loop " : 0.000000,
		 "mpi_gather" : 0.000000,
		 "mpi_send" : 0.000000,
		 "mpi_gather2" : 0.000000,
		 "mpi_receive" : 0.000000,
		 "malloc" : 0.000000,
		 "gridfill()" : 84.473527,
		 "total" : 8277.873313,
		 " " : 0.000000
 	}
}
