{
	"Timing" :
	 {
		 "coprocess_fct" : 192.988303,
		 "mpi_reduce" : 10.336322,
		 "square for loop" : 87.884566,
		 "mpi_reduce2" : 10.306276,
		 "histogramm loop " : 0.000000,
		 "mpi_gather" : 0.000000,
		 "mpi_send" : 0.000000,
		 "mpi_gather2" : 0.000000,
		 "mpi_receive" : 0.000000,
		 "malloc" : 0.000000,
		 "gridfill()" : 84.453420,
		 "total" : 8278.039430,
		 " " : 0.000000
 	}
}
