{
	"Timing" :
	 {
		 "coprocess_fct" : 193.366404,
		 "mpi_reduce" : 10.725324,
		 "square for loop" : 87.771392,
		 "mpi_reduce2" : 10.427653,
		 "histogramm loop " : 0.000000,
		 "mpi_gather" : 0.000000,
		 "mpi_send" : 0.000000,
		 "mpi_gather2" : 0.000000,
		 "mpi_receive" : 0.000000,
		 "malloc" : 0.000000,
		 "gridfill()" : 84.433576,
		 "total" : 8277.743860,
		 " " : 0.000000
 	}
}
