{
	"Timing" :
	 {
		 "coprocess_fct" : 193.447907,
		 "mpi_reduce" : 10.737851,
		 "square for loop" : 87.804639,
		 "mpi_reduce2" : 10.402734,
		 "histogramm loop " : 0.000000,
		 "mpi_gather" : 0.000000,
		 "mpi_send" : 0.000000,
		 "mpi_gather2" : 0.000000,
		 "mpi_receive" : 0.000000,
		 "malloc" : 0.000000,
		 "gridfill()" : 84.494135,
		 "total" : 8279.046099,
		 " " : 0.000000
 	}
}
