{
	"Timing" :
	 {
		 "coprocess_fct" : 193.127441,
		 "mpi_reduce" : 10.469802,
		 "square for loop" : 87.665490,
		 "mpi_reduce2" : 10.401276,
		 "histogramm loop " : 0.000000,
		 "mpi_gather" : 0.000000,
		 "mpi_send" : 0.000000,
		 "mpi_gather2" : 0.000000,
		 "mpi_receive" : 0.000000,
		 "malloc" : 0.000000,
		 "gridfill()" : 84.582895,
		 "total" : 8278.063617,
		 " " : 0.000000
 	}
}
