{
	"Timing" :
	 {
		 "coprocess_fct" : 192.461528,
		 "mpi_reduce" : 10.321248,
		 "square for loop" : 87.780128,
		 "mpi_reduce2" : 10.274241,
		 "histogramm loop " : 0.000000,
		 "mpi_gather" : 0.000000,
		 "mpi_send" : 0.000000,
		 "mpi_gather2" : 0.000000,
		 "mpi_receive" : 0.000000,
		 "malloc" : 0.000000,
		 "gridfill()" : 84.078163,
		 "total" : 8277.854016,
		 " " : 0.000000
 	}
}
