{
	"Timing" :
	 {
		 "coprocess_fct" : 192.532458,
		 "mpi_reduce" : 10.271696,
		 "square for loop" : 87.792257,
		 "mpi_reduce2" : 10.338352,
		 "histogramm loop " : 0.000000,
		 "mpi_gather" : 0.000000,
		 "mpi_send" : 0.000000,
		 "mpi_gather2" : 0.000000,
		 "mpi_receive" : 0.000000,
		 "malloc" : 0.000000,
		 "gridfill()" : 84.122183,
		 "total" : 8276.864326,
		 " " : 0.000000
 	}
}
