{
	"Timing" :
	 {
		 "coprocess_fct" : 193.502714,
		 "mpi_reduce" : 10.711455,
		 "square for loop" : 87.778057,
		 "mpi_reduce2" : 10.472438,
		 "histogramm loop " : 0.000000,
		 "mpi_gather" : 0.000000,
		 "mpi_send" : 0.000000,
		 "mpi_gather2" : 0.000000,
		 "mpi_receive" : 0.000000,
		 "malloc" : 0.000000,
		 "gridfill()" : 84.532205,
		 "total" : 8277.908619,
		 " " : 0.000000
 	}
}
