{
	"Timing" :
	 {
		 "coprocess_fct" : 193.274505,
		 "mpi_reduce" : 10.857960,
		 "square for loop" : 87.860029,
		 "mpi_reduce2" : 10.615679,
		 "histogramm loop " : 0.000000,
		 "mpi_gather" : 0.000000,
		 "mpi_send" : 0.000000,
		 "mpi_gather2" : 0.000000,
		 "mpi_receive" : 0.000000,
		 "malloc" : 0.000000,
		 "gridfill()" : 83.932472,
		 "total" : 8276.317448,
		 " " : 0.000000
 	}
}
