{
	"Timing" :
	 {
		 "coprocess_fct" : 193.456147,
		 "mpi_reduce" : 10.997144,
		 "square for loop" : 87.920856,
		 "mpi_reduce2" : 10.413609,
		 "histogramm loop " : 0.000000,
		 "mpi_gather" : 0.000000,
		 "mpi_send" : 0.000000,
		 "mpi_gather2" : 0.000000,
		 "mpi_receive" : 0.000000,
		 "malloc" : 0.000000,
		 "gridfill()" : 84.116043,
		 "total" : 8277.459444,
		 " " : 0.000000
 	}
}
