{
	"Timing" :
	 {
		 "coprocess_fct" : 193.572783,
		 "mpi_reduce" : 10.768678,
		 "square for loop" : 87.751709,
		 "mpi_reduce2" : 10.433742,
		 "histogramm loop " : 0.000000,
		 "mpi_gather" : 0.000000,
		 "mpi_send" : 0.000000,
		 "mpi_gather2" : 0.000000,
		 "mpi_receive" : 0.000000,
		 "malloc" : 0.000000,
		 "gridfill()" : 84.610183,
		 "total" : 8277.183340,
		 " " : 0.000000
 	}
}
