{
	"Timing" :
	 {
		 "coprocess_fct" : 193.329017,
		 "mpi_reduce" : 10.617734,
		 "square for loop" : 87.772420,
		 "mpi_reduce2" : 10.363251,
		 "histogramm loop " : 0.000000,
		 "mpi_gather" : 0.000000,
		 "mpi_send" : 0.000000,
		 "mpi_gather2" : 0.000000,
		 "mpi_receive" : 0.000000,
		 "malloc" : 0.000000,
		 "gridfill()" : 84.567306,
		 "total" : 8277.656469,
		 " " : 0.000000
 	}
}
