{
	"Timing" :
	 {
		 "coprocess_fct" : 193.907083,
		 "mpi_reduce" : 10.925902,
		 "square for loop" : 88.012727,
		 "mpi_reduce2" : 10.437964,
		 "histogramm loop " : 0.000000,
		 "mpi_gather" : 0.000000,
		 "mpi_send" : 0.000000,
		 "mpi_gather2" : 0.000000,
		 "mpi_receive" : 0.000000,
		 "malloc" : 0.000000,
		 "gridfill()" : 84.522108,
		 "total" : 8276.823292,
		 " " : 0.000000
 	}
}
