{
	"Timing" :
	 {
		 "coprocess_fct" : 193.565536,
		 "mpi_reduce" : 10.732221,
		 "square for loop" : 87.769636,
		 "mpi_reduce2" : 10.598302,
		 "histogramm loop " : 0.000000,
		 "mpi_gather" : 0.000000,
		 "mpi_send" : 0.000000,
		 "mpi_gather2" : 0.000000,
		 "mpi_receive" : 0.000000,
		 "malloc" : 0.000000,
		 "gridfill()" : 84.456921,
		 "total" : 8276.665842,
		 " " : 0.000000
 	}
}
