{
	"Timing" :
	 {
		 "coprocess_fct" : 193.600406,
		 "mpi_reduce" : 10.570465,
		 "square for loop" : 87.790499,
		 "mpi_reduce2" : 10.653720,
		 "histogramm loop " : 0.000000,
		 "mpi_gather" : 0.000000,
		 "mpi_send" : 0.000000,
		 "mpi_gather2" : 0.000000,
		 "mpi_receive" : 0.000000,
		 "malloc" : 0.000000,
		 "gridfill()" : 84.577327,
		 "total" : 8278.085049,
		 " " : 0.000000
 	}
}
