{
	"Timing" :
	 {
		 "coprocess_fct" : 193.702310,
		 "mpi_reduce" : 11.034883,
		 "square for loop" : 87.836499,
		 "mpi_reduce2" : 10.489067,
		 "histogramm loop " : 0.000000,
		 "mpi_gather" : 0.000000,
		 "mpi_send" : 0.000000,
		 "mpi_gather2" : 0.000000,
		 "mpi_receive" : 0.000000,
		 "malloc" : 0.000000,
		 "gridfill()" : 84.333550,
		 "total" : 8279.365075,
		 " " : 0.000000
 	}
}
