{
	"Timing" :
	 {
		 "coprocess_fct" : 193.623455,
		 "mpi_reduce" : 10.825401,
		 "square for loop" : 87.823240,
		 "mpi_reduce2" : 10.393358,
		 "histogramm loop " : 0.000000,
		 "mpi_gather" : 0.000000,
		 "mpi_send" : 0.000000,
		 "mpi_gather2" : 0.000000,
		 "mpi_receive" : 0.000000,
		 "malloc" : 0.000000,
		 "gridfill()" : 84.573054,
		 "total" : 8278.524887,
		 " " : 0.000000
 	}
}
