{
	"Timing" :
	 {
		 "coprocess_fct" : 193.863122,
		 "mpi_reduce" : 10.894082,
		 "square for loop" : 87.976550,
		 "mpi_reduce2" : 10.387190,
		 "histogramm loop " : 0.000000,
		 "mpi_gather" : 0.000000,
		 "mpi_send" : 0.000000,
		 "mpi_gather2" : 0.000000,
		 "mpi_receive" : 0.000000,
		 "malloc" : 0.000000,
		 "gridfill()" : 84.596917,
		 "total" : 8279.327623,
		 " " : 0.000000
 	}
}
