{
	"Timing" :
	 {
		 "coprocess_fct" : 193.480350,
		 "mpi_reduce" : 10.729237,
		 "square for loop" : 87.878301,
		 "mpi_reduce2" : 10.681179,
		 "histogramm loop " : 0.000000,
		 "mpi_gather" : 0.000000,
		 "mpi_send" : 0.000000,
		 "mpi_gather2" : 0.000000,
		 "mpi_receive" : 0.000000,
		 "malloc" : 0.000000,
		 "gridfill()" : 84.183182,
		 "total" : 8278.531211,
		 " " : 0.000000
 	}
}
