{
	"Timing" :
	 {
		 "coprocess_fct" : 192.889153,
		 "mpi_reduce" : 10.813851,
		 "square for loop" : 87.716832,
		 "mpi_reduce2" : 10.399586,
		 "histogramm loop " : 0.000000,
		 "mpi_gather" : 0.000000,
		 "mpi_send" : 0.000000,
		 "mpi_gather2" : 0.000000,
		 "mpi_receive" : 0.000000,
		 "malloc" : 0.000000,
		 "gridfill()" : 83.950379,
		 "total" : 8277.461062,
		 " " : 0.000000
 	}
}
