{
	"Timing" :
	 {
		 "coprocess_fct" : 192.799449,
		 "mpi_reduce" : 10.506197,
		 "square for loop" : 87.697293,
		 "mpi_reduce2" : 10.280413,
		 "histogramm loop " : 0.000000,
		 "mpi_gather" : 0.000000,
		 "mpi_send" : 0.000000,
		 "mpi_gather2" : 0.000000,
		 "mpi_receive" : 0.000000,
		 "malloc" : 0.000000,
		 "gridfill()" : 84.307169,
		 "total" : 8278.051154,
		 " " : 0.000000
 	}
}
