{
	"Timing" :
	 {
		 "coprocess_fct" : 193.467861,
		 "mpi_reduce" : 10.789738,
		 "square for loop" : 87.706216,
		 "mpi_reduce2" : 10.552764,
		 "histogramm loop " : 0.000000,
		 "mpi_gather" : 0.000000,
		 "mpi_send" : 0.000000,
		 "mpi_gather2" : 0.000000,
		 "mpi_receive" : 0.000000,
		 "malloc" : 0.000000,
		 "gridfill()" : 84.410679,
		 "total" : 8278.494128,
		 " " : 0.000000
 	}
}
