{
	"Timing" :
	 {
		 "coprocess_fct" : 193.052961,
		 "mpi_reduce" : 10.707492,
		 "square for loop" : 87.743107,
		 "mpi_reduce2" : 10.519879,
		 "histogramm loop " : 0.000000,
		 "mpi_gather" : 0.000000,
		 "mpi_send" : 0.000000,
		 "mpi_gather2" : 0.000000,
		 "mpi_receive" : 0.000000,
		 "malloc" : 0.000000,
		 "gridfill()" : 84.073982,
		 "total" : 8278.038296,
		 " " : 0.000000
 	}
}
