{
	"Timing" :
	 {
		 "coprocess_fct" : 192.690374,
		 "mpi_reduce" : 10.531116,
		 "square for loop" : 87.789782,
		 "mpi_reduce2" : 10.452526,
		 "histogramm loop " : 0.000000,
		 "mpi_gather" : 0.000000,
		 "mpi_send" : 0.000000,
		 "mpi_gather2" : 0.000000,
		 "mpi_receive" : 0.000000,
		 "malloc" : 0.000000,
		 "gridfill()" : 83.908414,
		 "total" : 8277.670233,
		 " " : 0.000000
 	}
}
