{
	"Timing" :
	 {
		 "coprocess_fct" : 193.619286,
		 "mpi_reduce" : 10.707946,
		 "square for loop" : 87.936599,
		 "mpi_reduce2" : 10.529753,
		 "histogramm loop " : 0.000000,
		 "mpi_gather" : 0.000000,
		 "mpi_send" : 0.000000,
		 "mpi_gather2" : 0.000000,
		 "mpi_receive" : 0.000000,
		 "malloc" : 0.000000,
		 "gridfill()" : 84.436602,
		 "total" : 8277.154584,
		 " " : 0.000000
 	}
}
