{
	"Timing" :
	 {
		 "coprocess_fct" : 193.388005,
		 "mpi_reduce" : 10.835913,
		 "square for loop" : 87.699789,
		 "mpi_reduce2" : 10.364736,
		 "histogramm loop " : 0.000000,
		 "mpi_gather" : 0.000000,
		 "mpi_send" : 0.000000,
		 "mpi_gather2" : 0.000000,
		 "mpi_receive" : 0.000000,
		 "malloc" : 0.000000,
		 "gridfill()" : 84.479103,
		 "total" : 8277.331241,
		 " " : 0.000000
 	}
}
