{
	"Timing" :
	 {
		 "coprocess_fct" : 193.819773,
		 "mpi_reduce" : 10.952774,
		 "square for loop" : 87.849532,
		 "mpi_reduce2" : 10.385586,
		 "histogramm loop " : 0.000000,
		 "mpi_gather" : 0.000000,
		 "mpi_send" : 0.000000,
		 "mpi_gather2" : 0.000000,
		 "mpi_receive" : 0.000000,
		 "malloc" : 0.000000,
		 "gridfill()" : 84.623493,
		 "total" : 8278.398816,
		 " " : 0.000000
 	}
}
