{
	"Timing" :
	 {
		 "coprocess_fct" : 193.268739,
		 "mpi_reduce" : 10.877805,
		 "square for loop" : 87.834455,
		 "mpi_reduce2" : 10.492762,
		 "histogramm loop " : 0.000000,
		 "mpi_gather" : 0.000000,
		 "mpi_send" : 0.000000,
		 "mpi_gather2" : 0.000000,
		 "mpi_receive" : 0.000000,
		 "malloc" : 0.000000,
		 "gridfill()" : 84.055208,
		 "total" : 8276.335625,
		 " " : 0.000000
 	}
}
