{
	"Timing" :
	 {
		 "coprocess_fct" : 193.488963,
		 "mpi_reduce" : 10.950856,
		 "square for loop" : 87.829044,
		 "mpi_reduce2" : 10.536401,
		 "histogramm loop " : 0.000000,
		 "mpi_gather" : 0.000000,
		 "mpi_send" : 0.000000,
		 "mpi_gather2" : 0.000000,
		 "mpi_receive" : 0.000000,
		 "malloc" : 0.000000,
		 "gridfill()" : 84.164149,
		 "total" : 8276.525576,
		 " " : 0.000000
 	}
}
