{
	"Timing" :
	 {
		 "coprocess_fct" : 193.063696,
		 "mpi_reduce" : 10.809131,
		 "square for loop" : 87.766017,
		 "mpi_reduce2" : 10.525985,
		 "histogramm loop " : 0.000000,
		 "mpi_gather" : 0.000000,
		 "mpi_send" : 0.000000,
		 "mpi_gather2" : 0.000000,
		 "mpi_receive" : 0.000000,
		 "malloc" : 0.000000,
		 "gridfill()" : 83.953986,
		 "total" : 8278.563057,
		 " " : 0.000000
 	}
}
