{
	"Timing" :
	 {
		 "coprocess_fct" : 193.237306,
		 "mpi_reduce" : 10.758662,
		 "square for loop" : 87.775514,
		 "mpi_reduce2" : 10.382922,
		 "histogramm loop " : 0.000000,
		 "mpi_gather" : 0.000000,
		 "mpi_send" : 0.000000,
		 "mpi_gather2" : 0.000000,
		 "mpi_receive" : 0.000000,
		 "malloc" : 0.000000,
		 "gridfill()" : 84.311759,
		 "total" : 8278.612430,
		 " " : 0.000000
 	}
}
