{
	"Timing" :
	 {
		 "coprocess_fct" : 193.491685,
		 "mpi_reduce" : 11.046204,
		 "square for loop" : 87.841932,
		 "mpi_reduce2" : 10.343451,
		 "histogramm loop " : 0.000000,
		 "mpi_gather" : 0.000000,
		 "mpi_send" : 0.000000,
		 "mpi_gather2" : 0.000000,
		 "mpi_receive" : 0.000000,
		 "malloc" : 0.000000,
		 "gridfill()" : 84.251579,
		 "total" : 8279.107247,
		 " " : 0.000000
 	}
}
