{
	"Timing" :
	 {
		 "coprocess_fct" : 193.020056,
		 "mpi_reduce" : 10.387158,
		 "square for loop" : 87.756657,
		 "mpi_reduce2" : 10.422833,
		 "histogramm loop " : 0.000000,
		 "mpi_gather" : 0.000000,
		 "mpi_send" : 0.000000,
		 "mpi_gather2" : 0.000000,
		 "mpi_receive" : 0.000000,
		 "malloc" : 0.000000,
		 "gridfill()" : 84.445230,
		 "total" : 8277.066724,
		 " " : 0.000000
 	}
}
