{
	"Timing" :
	 {
		 "coprocess_fct" : 193.919712,
		 "mpi_reduce" : 11.044034,
		 "square for loop" : 87.895886,
		 "mpi_reduce2" : 10.525242,
		 "histogramm loop " : 0.000000,
		 "mpi_gather" : 0.000000,
		 "mpi_send" : 0.000000,
		 "mpi_gather2" : 0.000000,
		 "mpi_receive" : 0.000000,
		 "malloc" : 0.000000,
		 "gridfill()" : 84.446142,
		 "total" : 8276.486443,
		 " " : 0.000000
 	}
}
