{
	"Timing" :
	 {
		 "coprocess_fct" : 194.038405,
		 "mpi_reduce" : 10.931985,
		 "square for loop" : 87.968442,
		 "mpi_reduce2" : 10.538272,
		 "histogramm loop " : 0.000000,
		 "mpi_gather" : 0.000000,
		 "mpi_send" : 0.000000,
		 "mpi_gather2" : 0.000000,
		 "mpi_receive" : 0.000000,
		 "malloc" : 0.000000,
		 "gridfill()" : 84.591244,
		 "total" : 8276.681986,
		 " " : 0.000000
 	}
}
