{
	"Timing" :
	 {
		 "coprocess_fct" : 193.826537,
		 "mpi_reduce" : 10.880705,
		 "square for loop" : 87.987831,
		 "mpi_reduce2" : 10.444672,
		 "histogramm loop " : 0.000000,
		 "mpi_gather" : 0.000000,
		 "mpi_send" : 0.000000,
		 "mpi_gather2" : 0.000000,
		 "mpi_receive" : 0.000000,
		 "malloc" : 0.000000,
		 "gridfill()" : 84.504943,
		 "total" : 8276.407602,
		 " " : 0.000000
 	}
}
