{
	"Timing" :
	 {
		 "coprocess_fct" : 193.811372,
		 "mpi_reduce" : 10.764873,
		 "square for loop" : 87.790351,
		 "mpi_reduce2" : 10.527609,
		 "histogramm loop " : 0.000000,
		 "mpi_gather" : 0.000000,
		 "mpi_send" : 0.000000,
		 "mpi_gather2" : 0.000000,
		 "mpi_receive" : 0.000000,
		 "malloc" : 0.000000,
		 "gridfill()" : 84.720209,
		 "total" : 8278.361823,
		 " " : 0.000000
 	}
}
