{
	"Timing" :
	 {
		 "coprocess_fct" : 193.940559,
		 "mpi_reduce" : 10.880105,
		 "square for loop" : 87.884560,
		 "mpi_reduce2" : 10.488697,
		 "histogramm loop " : 0.000000,
		 "mpi_gather" : 0.000000,
		 "mpi_send" : 0.000000,
		 "mpi_gather2" : 0.000000,
		 "mpi_receive" : 0.000000,
		 "malloc" : 0.000000,
		 "gridfill()" : 84.678647,
		 "total" : 8276.807578,
		 " " : 0.000000
 	}
}
