{
	"Timing" :
	 {
		 "coprocess_fct" : 193.827067,
		 "mpi_reduce" : 10.896518,
		 "square for loop" : 87.913716,
		 "mpi_reduce2" : 10.439870,
		 "histogramm loop " : 0.000000,
		 "mpi_gather" : 0.000000,
		 "mpi_send" : 0.000000,
		 "mpi_gather2" : 0.000000,
		 "mpi_receive" : 0.000000,
		 "malloc" : 0.000000,
		 "gridfill()" : 84.568501,
		 "total" : 8277.235464,
		 " " : 0.000000
 	}
}
