{
	"Timing" :
	 {
		 "coprocess_fct" : 193.100429,
		 "mpi_reduce" : 10.662907,
		 "square for loop" : 87.803766,
		 "mpi_reduce2" : 10.425838,
		 "histogramm loop " : 0.000000,
		 "mpi_gather" : 0.000000,
		 "mpi_send" : 0.000000,
		 "mpi_gather2" : 0.000000,
		 "mpi_receive" : 0.000000,
		 "malloc" : 0.000000,
		 "gridfill()" : 84.199763,
		 "total" : 8278.201167,
		 " " : 0.000000
 	}
}
