{
	"Timing" :
	 {
		 "coprocess_fct" : 192.828173,
		 "mpi_reduce" : 10.640840,
		 "square for loop" : 87.753700,
		 "mpi_reduce2" : 10.484803,
		 "histogramm loop " : 0.000000,
		 "mpi_gather" : 0.000000,
		 "mpi_send" : 0.000000,
		 "mpi_gather2" : 0.000000,
		 "mpi_receive" : 0.000000,
		 "malloc" : 0.000000,
		 "gridfill()" : 83.940409,
		 "total" : 8276.891795,
		 " " : 0.000000
 	}
}
