{
	"Timing" :
	 {
		 "coprocess_fct" : 193.890524,
		 "mpi_reduce" : 10.998711,
		 "square for loop" : 87.885549,
		 "mpi_reduce2" : 10.465950,
		 "histogramm loop " : 0.000000,
		 "mpi_gather" : 0.000000,
		 "mpi_send" : 0.000000,
		 "mpi_gather2" : 0.000000,
		 "mpi_receive" : 0.000000,
		 "malloc" : 0.000000,
		 "gridfill()" : 84.532012,
		 "total" : 8277.344320,
		 " " : 0.000000
 	}
}
