{
	"Timing" :
	 {
		 "coprocess_fct" : 193.377596,
		 "mpi_reduce" : 10.755580,
		 "square for loop" : 87.842955,
		 "mpi_reduce2" : 10.354294,
		 "histogramm loop " : 0.000000,
		 "mpi_gather" : 0.000000,
		 "mpi_send" : 0.000000,
		 "mpi_gather2" : 0.000000,
		 "mpi_receive" : 0.000000,
		 "malloc" : 0.000000,
		 "gridfill()" : 84.416357,
		 "total" : 8278.530128,
		 " " : 0.000000
 	}
}
