{
	"Timing" :
	 {
		 "coprocess_fct" : 193.678841,
		 "mpi_reduce" : 11.025338,
		 "square for loop" : 87.814370,
		 "mpi_reduce2" : 10.394225,
		 "histogramm loop " : 0.000000,
		 "mpi_gather" : 0.000000,
		 "mpi_send" : 0.000000,
		 "mpi_gather2" : 0.000000,
		 "mpi_receive" : 0.000000,
		 "malloc" : 0.000000,
		 "gridfill()" : 84.436351,
		 "total" : 8277.525572,
		 " " : 0.000000
 	}
}
