{
	"Timing" :
	 {
		 "coprocess_fct" : 193.318258,
		 "mpi_reduce" : 10.735074,
		 "square for loop" : 87.742740,
		 "mpi_reduce2" : 10.519067,
		 "histogramm loop " : 0.000000,
		 "mpi_gather" : 0.000000,
		 "mpi_send" : 0.000000,
		 "mpi_gather2" : 0.000000,
		 "mpi_receive" : 0.000000,
		 "malloc" : 0.000000,
		 "gridfill()" : 84.312832,
		 "total" : 8279.318129,
		 " " : 0.000000
 	}
}
