{
	"Timing" :
	 {
		 "coprocess_fct" : 193.221499,
		 "mpi_reduce" : 10.796501,
		 "square for loop" : 87.601994,
		 "mpi_reduce2" : 10.541090,
		 "histogramm loop " : 0.000000,
		 "mpi_gather" : 0.000000,
		 "mpi_send" : 0.000000,
		 "mpi_gather2" : 0.000000,
		 "mpi_receive" : 0.000000,
		 "malloc" : 0.000000,
		 "gridfill()" : 84.273288,
		 "total" : 8277.688830,
		 " " : 0.000000
 	}
}
