{
	"Timing" :
	 {
		 "coprocess_fct" : 193.377031,
		 "mpi_reduce" : 10.671544,
		 "square for loop" : 87.829943,
		 "mpi_reduce2" : 10.350215,
		 "histogramm loop " : 0.000000,
		 "mpi_gather" : 0.000000,
		 "mpi_send" : 0.000000,
		 "mpi_gather2" : 0.000000,
		 "mpi_receive" : 0.000000,
		 "malloc" : 0.000000,
		 "gridfill()" : 84.516911,
		 "total" : 8279.037877,
		 " " : 0.000000
 	}
}
