{
	"Timing" :
	 {
		 "coprocess_fct" : 193.451648,
		 "mpi_reduce" : 10.832101,
		 "square for loop" : 87.773262,
		 "mpi_reduce2" : 10.402733,
		 "histogramm loop " : 0.000000,
		 "mpi_gather" : 0.000000,
		 "mpi_send" : 0.000000,
		 "mpi_gather2" : 0.000000,
		 "mpi_receive" : 0.000000,
		 "malloc" : 0.000000,
		 "gridfill()" : 84.435130,
		 "total" : 8277.574870,
		 " " : 0.000000
 	}
}
