{
	"Timing" :
	 {
		 "coprocess_fct" : 193.124224,
		 "mpi_reduce" : 10.600139,
		 "square for loop" : 87.756739,
		 "mpi_reduce2" : 10.412735,
		 "histogramm loop " : 0.000000,
		 "mpi_gather" : 0.000000,
		 "mpi_send" : 0.000000,
		 "mpi_gather2" : 0.000000,
		 "mpi_receive" : 0.000000,
		 "malloc" : 0.000000,
		 "gridfill()" : 84.346505,
		 "total" : 8276.845117,
		 " " : 0.000000
 	}
}
