{
	"Timing" :
	 {
		 "coprocess_fct" : 193.516867,
		 "mpi_reduce" : 10.891229,
		 "square for loop" : 87.936718,
		 "mpi_reduce2" : 10.330143,
		 "histogramm loop " : 0.000000,
		 "mpi_gather" : 0.000000,
		 "mpi_send" : 0.000000,
		 "mpi_gather2" : 0.000000,
		 "mpi_receive" : 0.000000,
		 "malloc" : 0.000000,
		 "gridfill()" : 84.350330,
		 "total" : 8278.892852,
		 " " : 0.000000
 	}
}
