{
	"Timing" :
	 {
		 "coprocess_fct" : 193.063184,
		 "mpi_reduce" : 10.807996,
		 "square for loop" : 87.771416,
		 "mpi_reduce2" : 10.506070,
		 "histogramm loop " : 0.000000,
		 "mpi_gather" : 0.000000,
		 "mpi_send" : 0.000000,
		 "mpi_gather2" : 0.000000,
		 "mpi_receive" : 0.000000,
		 "malloc" : 0.000000,
		 "gridfill()" : 83.969207,
		 "total" : 8276.203037,
		 " " : 0.000000
 	}
}
