{
	"Timing" :
	 {
		 "coprocess_fct" : 193.664324,
		 "mpi_reduce" : 10.930481,
		 "square for loop" : 87.886467,
		 "mpi_reduce2" : 10.390326,
		 "histogramm loop " : 0.000000,
		 "mpi_gather" : 0.000000,
		 "mpi_send" : 0.000000,
		 "mpi_gather2" : 0.000000,
		 "mpi_receive" : 0.000000,
		 "malloc" : 0.000000,
		 "gridfill()" : 84.448541,
		 "total" : 8277.106732,
		 " " : 0.000000
 	}
}
