{
	"Timing" :
	 {
		 "coprocess_fct" : 193.599314,
		 "mpi_reduce" : 10.960397,
		 "square for loop" : 87.771187,
		 "mpi_reduce2" : 10.552304,
		 "histogramm loop " : 0.000000,
		 "mpi_gather" : 0.000000,
		 "mpi_send" : 0.000000,
		 "mpi_gather2" : 0.000000,
		 "mpi_receive" : 0.000000,
		 "malloc" : 0.000000,
		 "gridfill()" : 84.306980,
		 "total" : 8277.380990,
		 " " : 0.000000
 	}
}
