{
	"Timing" :
	 {
		 "coprocess_fct" : 193.423805,
		 "mpi_reduce" : 10.859643,
		 "square for loop" : 87.954866,
		 "mpi_reduce2" : 10.498582,
		 "histogramm loop " : 0.000000,
		 "mpi_gather" : 0.000000,
		 "mpi_send" : 0.000000,
		 "mpi_gather2" : 0.000000,
		 "mpi_receive" : 0.000000,
		 "malloc" : 0.000000,
		 "gridfill()" : 84.102172,
		 "total" : 8278.564978,
		 " " : 0.000000
 	}
}
