{
	"Timing" :
	 {
		 "coprocess_fct" : 193.559890,
		 "mpi_reduce" : 10.903493,
		 "square for loop" : 87.817757,
		 "mpi_reduce2" : 10.370295,
		 "histogramm loop " : 0.000000,
		 "mpi_gather" : 0.000000,
		 "mpi_send" : 0.000000,
		 "mpi_gather2" : 0.000000,
		 "mpi_receive" : 0.000000,
		 "malloc" : 0.000000,
		 "gridfill()" : 84.459930,
		 "total" : 8279.306002,
		 " " : 0.000000
 	}
}
