{
	"Timing" :
	 {
		 "coprocess_fct" : 193.877482,
		 "mpi_reduce" : 10.791229,
		 "square for loop" : 87.985205,
		 "mpi_reduce2" : 10.480742,
		 "histogramm loop " : 0.000000,
		 "mpi_gather" : 0.000000,
		 "mpi_send" : 0.000000,
		 "mpi_gather2" : 0.000000,
		 "mpi_receive" : 0.000000,
		 "malloc" : 0.000000,
		 "gridfill()" : 84.611897,
		 "total" : 8277.759768,
		 " " : 0.000000
 	}
}
