{
	"Timing" :
	 {
		 "coprocess_fct" : 193.013665,
		 "mpi_reduce" : 10.606477,
		 "square for loop" : 87.767468,
		 "mpi_reduce2" : 10.249915,
		 "histogramm loop " : 0.000000,
		 "mpi_gather" : 0.000000,
		 "mpi_send" : 0.000000,
		 "mpi_gather2" : 0.000000,
		 "mpi_receive" : 0.000000,
		 "malloc" : 0.000000,
		 "gridfill()" : 84.381358,
		 "total" : 8277.844139,
		 " " : 0.000000
 	}
}
