{
	"Timing" :
	 {
		 "coprocess_fct" : 193.484150,
		 "mpi_reduce" : 10.750263,
		 "square for loop" : 87.806555,
		 "mpi_reduce2" : 10.490626,
		 "histogramm loop " : 0.000000,
		 "mpi_gather" : 0.000000,
		 "mpi_send" : 0.000000,
		 "mpi_gather2" : 0.000000,
		 "mpi_receive" : 0.000000,
		 "malloc" : 0.000000,
		 "gridfill()" : 84.428289,
		 "total" : 8278.810224,
		 " " : 0.000000
 	}
}
