{
	"Timing" :
	 {
		 "coprocess_fct" : 192.846108,
		 "mpi_reduce" : 10.469242,
		 "square for loop" : 87.719318,
		 "mpi_reduce2" : 10.298634,
		 "histogramm loop " : 0.000000,
		 "mpi_gather" : 0.000000,
		 "mpi_send" : 0.000000,
		 "mpi_gather2" : 0.000000,
		 "mpi_receive" : 0.000000,
		 "malloc" : 0.000000,
		 "gridfill()" : 84.350655,
		 "total" : 8277.707246,
		 " " : 0.000000
 	}
}
