{
	"Timing" :
	 {
		 "coprocess_fct" : 194.075210,
		 "mpi_reduce" : 11.035008,
		 "square for loop" : 87.954647,
		 "mpi_reduce2" : 10.439139,
		 "histogramm loop " : 0.000000,
		 "mpi_gather" : 0.000000,
		 "mpi_send" : 0.000000,
		 "mpi_gather2" : 0.000000,
		 "mpi_receive" : 0.000000,
		 "malloc" : 0.000000,
		 "gridfill()" : 84.637944,
		 "total" : 8277.751390,
		 " " : 0.000000
 	}
}
