{
	"Timing" :
	 {
		 "coprocess_fct" : 193.373776,
		 "mpi_reduce" : 11.030835,
		 "square for loop" : 87.934149,
		 "mpi_reduce2" : 10.443206,
		 "histogramm loop " : 0.000000,
		 "mpi_gather" : 0.000000,
		 "mpi_send" : 0.000000,
		 "mpi_gather2" : 0.000000,
		 "mpi_receive" : 0.000000,
		 "malloc" : 0.000000,
		 "gridfill()" : 83.957202,
		 "total" : 8278.425164,
		 " " : 0.000000
 	}
}
