{
	"Timing" :
	 {
		 "coprocess_fct" : 193.399732,
		 "mpi_reduce" : 10.872214,
		 "square for loop" : 87.918938,
		 "mpi_reduce2" : 10.437892,
		 "histogramm loop " : 0.000000,
		 "mpi_gather" : 0.000000,
		 "mpi_send" : 0.000000,
		 "mpi_gather2" : 0.000000,
		 "mpi_receive" : 0.000000,
		 "malloc" : 0.000000,
		 "gridfill()" : 84.162249,
		 "total" : 8277.547582,
		 " " : 0.000000
 	}
}
