{
	"Timing" :
	 {
		 "coprocess_fct" : 193.325824,
		 "mpi_reduce" : 10.684114,
		 "square for loop" : 87.743828,
		 "mpi_reduce2" : 10.427913,
		 "histogramm loop " : 0.000000,
		 "mpi_gather" : 0.000000,
		 "mpi_send" : 0.000000,
		 "mpi_gather2" : 0.000000,
		 "mpi_receive" : 0.000000,
		 "malloc" : 0.000000,
		 "gridfill()" : 84.461587,
		 "total" : 8278.514288,
		 " " : 0.000000
 	}
}
