{
	"Timing" :
	 {
		 "coprocess_fct" : 193.260470,
		 "mpi_reduce" : 10.770796,
		 "square for loop" : 87.713587,
		 "mpi_reduce2" : 10.446579,
		 "histogramm loop " : 0.000000,
		 "mpi_gather" : 0.000000,
		 "mpi_send" : 0.000000,
		 "mpi_gather2" : 0.000000,
		 "mpi_receive" : 0.000000,
		 "malloc" : 0.000000,
		 "gridfill()" : 84.321041,
		 "total" : 8279.001066,
		 " " : 0.000000
 	}
}
