{
	"Timing" :
	 {
		 "coprocess_fct" : 193.237205,
		 "mpi_reduce" : 10.935502,
		 "square for loop" : 87.887131,
		 "mpi_reduce2" : 10.541566,
		 "histogramm loop " : 0.000000,
		 "mpi_gather" : 0.000000,
		 "mpi_send" : 0.000000,
		 "mpi_gather2" : 0.000000,
		 "mpi_receive" : 0.000000,
		 "malloc" : 0.000000,
		 "gridfill()" : 83.864531,
		 "total" : 8278.523022,
		 " " : 0.000000
 	}
}
