{
	"Timing" :
	 {
		 "coprocess_fct" : 193.517176,
		 "mpi_reduce" : 10.866245,
		 "square for loop" : 87.937369,
		 "mpi_reduce2" : 10.304437,
		 "histogramm loop " : 0.000000,
		 "mpi_gather" : 0.000000,
		 "mpi_send" : 0.000000,
		 "mpi_gather2" : 0.000000,
		 "mpi_receive" : 0.000000,
		 "malloc" : 0.000000,
		 "gridfill()" : 84.400718,
		 "total" : 8278.865481,
		 " " : 0.000000
 	}
}
