{
	"Timing" :
	 {
		 "coprocess_fct" : 192.613290,
		 "mpi_reduce" : 10.477289,
		 "square for loop" : 87.674396,
		 "mpi_reduce2" : 10.461695,
		 "histogramm loop " : 0.000000,
		 "mpi_gather" : 0.000000,
		 "mpi_send" : 0.000000,
		 "mpi_gather2" : 0.000000,
		 "mpi_receive" : 0.000000,
		 "malloc" : 0.000000,
		 "gridfill()" : 83.991455,
		 "total" : 8278.440918,
		 " " : 0.000000
 	}
}
