{
	"Timing" :
	 {
		 "coprocess_fct" : 193.352731,
		 "mpi_reduce" : 10.828478,
		 "square for loop" : 87.774749,
		 "mpi_reduce2" : 10.402122,
		 "histogramm loop " : 0.000000,
		 "mpi_gather" : 0.000000,
		 "mpi_send" : 0.000000,
		 "mpi_gather2" : 0.000000,
		 "mpi_receive" : 0.000000,
		 "malloc" : 0.000000,
		 "gridfill()" : 84.338937,
		 "total" : 8276.472333,
		 " " : 0.000000
 	}
}
