{
	"Timing" :
	 {
		 "coprocess_fct" : 192.991258,
		 "mpi_reduce" : 10.839378,
		 "square for loop" : 87.835743,
		 "mpi_reduce2" : 10.293973,
		 "histogramm loop " : 0.000000,
		 "mpi_gather" : 0.000000,
		 "mpi_send" : 0.000000,
		 "mpi_gather2" : 0.000000,
		 "mpi_receive" : 0.000000,
		 "malloc" : 0.000000,
		 "gridfill()" : 84.013677,
		 "total" : 8276.558876,
		 " " : 0.000000
 	}
}
